-- MySQL Administrator dump 1.4
--
-- ------------------------------------------------------
-- Server version	5.1.41-3ubuntu12.10


/*!40101 SET @OLD_CHARACTER_SET_CLIENT=@@CHARACTER_SET_CLIENT */;
/*!40101 SET @OLD_CHARACTER_SET_RESULTS=@@CHARACTER_SET_RESULTS */;
/*!40101 SET @OLD_COLLATION_CONNECTION=@@COLLATION_CONNECTION */;
/*!40101 SET NAMES utf8 */;

/*!40014 SET @OLD_UNIQUE_CHECKS=@@UNIQUE_CHECKS, UNIQUE_CHECKS=0 */;
/*!40014 SET @OLD_FOREIGN_KEY_CHECKS=@@FOREIGN_KEY_CHECKS, FOREIGN_KEY_CHECKS=0 */;
/*!40101 SET @OLD_SQL_MODE=@@SQL_MODE, SQL_MODE='NO_AUTO_VALUE_ON_ZERO' */;


--
-- Create schema biller_dev
--

CREATE DATABASE IF NOT EXISTS biller_dev;
USE biller_dev;

--
-- Definition of table `biller_dev`.`account_contacts`
--

DROP TABLE IF EXISTS `biller_dev`.`account_contacts`;
CREATE TABLE  `biller_dev`.`account_contacts` (
  `id` int(11) NOT NULL AUTO_INCREMENT,
  `account_id` int(11) DEFAULT NULL,
  `first_name` varchar(255) COLLATE utf8_unicode_ci DEFAULT NULL,
  `last_name` varchar(255) COLLATE utf8_unicode_ci DEFAULT NULL,
  `email` varchar(255) COLLATE utf8_unicode_ci DEFAULT NULL,
  `phone` varchar(255) COLLATE utf8_unicode_ci DEFAULT NULL,
  `created_at` datetime DEFAULT NULL,
  `updated_at` datetime DEFAULT NULL,
  PRIMARY KEY (`id`)
) ENGINE=InnoDB AUTO_INCREMENT=24 DEFAULT CHARSET=utf8 COLLATE=utf8_unicode_ci;

--
-- Dumping data for table `biller_dev`.`account_contacts`
--

/*!40000 ALTER TABLE `account_contacts` DISABLE KEYS */;
LOCK TABLES `account_contacts` WRITE;
INSERT INTO `biller_dev`.`account_contacts` VALUES  (1,NULL,'dingan ','shankaran','manukose@email.com','123456','2012-02-14 16:07:39','2012-02-14 16:07:39'),
 (2,NULL,'dingan ','shankaran','aas@asd.com','132','2012-02-14 16:11:18','2012-02-14 16:11:18'),
 (3,NULL,'dingan ','test','test@test.com','22222222','2012-02-14 16:11:53','2012-02-14 16:11:53'),
 (4,NULL,'second contact','as','aas@asd.com','1111','2012-02-14 16:12:45','2012-02-14 16:12:45'),
 (5,NULL,'aji','ajayan','aji@aji.com','4444','2012-02-14 16:13:52','2012-02-14 16:13:52'),
 (6,7,'aana','puli','kadua@kadi.com','666666','2012-02-14 16:17:35','2012-02-14 16:17:35'),
 (7,7,'eecha2','poocha','patta@my.com','2121','2012-02-14 16:18:26','2012-02-14 16:55:06'),
 (8,6,'pasu','aama','eli@elephant.com','4141','2012-02-14 16:19:05','2012-02-14 16:19:05'),
 (9,6,'vvvv','ddddddd','2222222','11111111','2012-02-14 17:09:04','2012-02-14 17:09:04'),
 (10,6,'rrrrrrrrrrrr','ttttttttttttt','aaaaaaaaaa','66666666666','2012-02-14 17:09:16','2012-02-14 17:09:16'),
 (11,6,'amiy','vdsj','vssd@gmail.com','32443234234','2012-02-14 17:09:50','2012-02-23 12:37:13'),
 (12,8,'www','wqqfd','wwww@gmail.com','21312312313','2012-02-23 11:26:38','2012-02-24 09:10:20'),
 (13,10,'saww','safdas','swathi@faststream-tech.com','1676575535','2012-02-23 11:40:27','2012-02-23 11:40:27'),
 (14,10,'shanku','h','shanku@gmail.com','556665646757','2012-02-23 12:31:08','2012-02-23 12:31:08'),
 (15,11,'amit','k','amit12@gmail.com','453421375','2012-02-23 12:36:35','2012-02-23 12:36:35'),
 (16,12,'raju','s','raju@gmail.com','9876543210','2012-02-23 15:24:36','2012-02-23 15:24:36'),
 (17,12,'lunk','kk','k@gmail.com','31341242542','2012-02-24 07:20:01','2012-02-24 07:20:01'),
 (18,12,'www','wqq','wwww@gmail.com','21312312313','2012-02-24 09:10:10','2012-02-24 09:10:10'),
 (19,13,'amit','r','asasd@hh.com','23124242234','2012-02-24 10:05:33','2012-02-24 10:05:33'),
 (20,14,'cfgcv','dstfd','er.com','5262958585','2012-02-24 10:41:44','2012-02-24 10:41:44'),
 (21,17,'ruk','k','amitkumarpatel44@gmail.com','7795106144','2012-02-25 07:34:04','2012-02-25 07:34:04'),
 (22,17,'gasdgasgd','sdgasdg','sdgasdgasdg','44444444444','2012-02-25 12:44:46','2012-02-25 12:44:46'),
 (23,18,'qqq','qq','q@gmail.com','123445555898','2012-02-26 13:51:23','2012-02-26 13:51:23');
UNLOCK TABLES;
/*!40000 ALTER TABLE `account_contacts` ENABLE KEYS */;


--
-- Definition of table `biller_dev`.`account_product_contexts`
--

DROP TABLE IF EXISTS `biller_dev`.`account_product_contexts`;
CREATE TABLE  `biller_dev`.`account_product_contexts` (
  `id` int(11) NOT NULL AUTO_INCREMENT,
  `account_id` int(11) DEFAULT NULL,
  `product_context_id` int(11) DEFAULT NULL,
  `product_id` int(11) NOT NULL,
  `unit_price` float NOT NULL,
  `created_at` datetime DEFAULT NULL,
  `updated_at` datetime DEFAULT NULL,
  PRIMARY KEY (`id`)
) ENGINE=InnoDB DEFAULT CHARSET=utf8 COLLATE=utf8_unicode_ci;

--
-- Dumping data for table `biller_dev`.`account_product_contexts`
--

/*!40000 ALTER TABLE `account_product_contexts` DISABLE KEYS */;
LOCK TABLES `account_product_contexts` WRITE;
UNLOCK TABLES;
/*!40000 ALTER TABLE `account_product_contexts` ENABLE KEYS */;


--
-- Definition of table `biller_dev`.`accounts`
--

DROP TABLE IF EXISTS `biller_dev`.`accounts`;
CREATE TABLE  `biller_dev`.`accounts` (
  `id` int(11) NOT NULL AUTO_INCREMENT,
  `organization_id` int(11) DEFAULT NULL,
  `display_name` varchar(255) COLLATE utf8_unicode_ci DEFAULT NULL,
  `created_at` datetime DEFAULT NULL,
  `updated_at` datetime DEFAULT NULL,
  `first_name` varchar(255) COLLATE utf8_unicode_ci DEFAULT NULL,
  `last_name` varchar(255) COLLATE utf8_unicode_ci DEFAULT NULL,
  `email` varchar(255) COLLATE utf8_unicode_ci DEFAULT NULL,
  `phone` varchar(255) COLLATE utf8_unicode_ci DEFAULT NULL,
  PRIMARY KEY (`id`)
) ENGINE=InnoDB AUTO_INCREMENT=21 DEFAULT CHARSET=utf8 COLLATE=utf8_unicode_ci;

--
-- Dumping data for table `biller_dev`.`accounts`
--

/*!40000 ALTER TABLE `accounts` DISABLE KEYS */;
LOCK TABLES `accounts` WRITE;
INSERT INTO `biller_dev`.`accounts` VALUES  (1,NULL,'Test','2012-01-26 10:08:11','2012-01-26 10:08:11','John','Smith','smith@eg.com','123456'),
 (3,NULL,'Hello','2012-01-26 10:15:44','2012-01-26 10:15:44','asdasd','asdasd','asds@sdsds.com','123'),
 (4,NULL,'asdas','2012-01-26 10:16:18','2012-01-26 10:16:18','adasd','asda','asds@sdsdss.com','111'),
 (5,NULL,'asdas','2012-01-26 10:22:03','2012-01-26 10:22:03','adasd','asda','asds@sdsssds.com','22'),
 (6,2,'Test','2012-02-14 16:09:30','2012-02-14 16:09:30',NULL,NULL,'asds@sdsds.com','123123'),
 (7,2,'Hello','2012-02-14 16:09:59','2012-02-14 16:09:59',NULL,NULL,'asds@sdsssds.com','123123'),
 (8,8,'swathi','2012-02-23 11:25:15','2012-02-23 11:25:51',NULL,NULL,'swathi@faststream-tech.com','456464'),
 (9,8,'swetha','2012-02-23 11:35:25','2012-02-23 11:35:42',NULL,NULL,'swethi@faststream-tech.com','fsaasf'),
 (10,8,'gfg','2012-02-23 11:37:22','2012-02-23 11:39:03',NULL,NULL,'sweth12@faststream-tech.com','74112192555'),
 (11,9,'amit','2012-02-23 12:36:11','2012-02-23 12:36:11',NULL,NULL,'amits@faststream-tech.com','234514355'),
 (12,7,'sonu','2012-02-23 15:22:40','2012-02-23 15:22:40',NULL,NULL,'sonu@gmail.com','1234566777'),
 (13,7,'airtel','2012-02-24 10:05:08','2012-02-24 10:05:08',NULL,NULL,'airtel@gmail.com','21142323466456'),
 (14,11,'siva','2012-02-24 10:10:44','2012-02-24 10:10:44',NULL,NULL,'sv@gmail.com','34544564561'),
 (15,11,'siva1','2012-02-24 10:40:44','2012-02-24 10:40:44',NULL,NULL,'sv1@gmail.com','44435545125'),
 (16,11,'siva','2012-02-25 07:13:45','2012-02-25 07:13:45',NULL,NULL,'sankarpk2006@gamil.com','12345678676'),
 (17,12,'amit1','2012-02-25 07:32:34','2012-02-25 07:32:34',NULL,NULL,'asdf@gmail.com','123432134'),
 (18,12,'swathi','2012-02-25 07:33:07','2012-02-25 07:33:07',NULL,NULL,'asdfgh@gmail.com','3456654356'),
 (19,7,'samsung','2012-02-26 15:52:54','2012-02-26 15:52:54',NULL,NULL,'samsung@gmail.com','3455432345'),
 (20,7,'officer','2012-02-27 12:22:09','2012-02-27 12:22:09',NULL,NULL,'officer@gmail.com','1234565678989');
UNLOCK TABLES;
/*!40000 ALTER TABLE `accounts` ENABLE KEYS */;


--
-- Definition of table `biller_dev`.`cms_blocks`
--

DROP TABLE IF EXISTS `biller_dev`.`cms_blocks`;
CREATE TABLE  `biller_dev`.`cms_blocks` (
  `id` int(11) NOT NULL AUTO_INCREMENT,
  `page_id` int(11) NOT NULL,
  `identifier` varchar(255) COLLATE utf8_unicode_ci NOT NULL,
  `content` text COLLATE utf8_unicode_ci,
  `created_at` datetime DEFAULT NULL,
  `updated_at` datetime DEFAULT NULL,
  PRIMARY KEY (`id`),
  KEY `index_cms_blocks_on_page_id_and_identifier` (`page_id`,`identifier`)
) ENGINE=InnoDB DEFAULT CHARSET=utf8 COLLATE=utf8_unicode_ci;

--
-- Dumping data for table `biller_dev`.`cms_blocks`
--

/*!40000 ALTER TABLE `cms_blocks` DISABLE KEYS */;
LOCK TABLES `cms_blocks` WRITE;
UNLOCK TABLES;
/*!40000 ALTER TABLE `cms_blocks` ENABLE KEYS */;


--
-- Definition of table `biller_dev`.`cms_categories`
--

DROP TABLE IF EXISTS `biller_dev`.`cms_categories`;
CREATE TABLE  `biller_dev`.`cms_categories` (
  `id` int(11) NOT NULL AUTO_INCREMENT,
  `site_id` int(11) NOT NULL,
  `label` varchar(255) COLLATE utf8_unicode_ci NOT NULL,
  `categorized_type` varchar(255) COLLATE utf8_unicode_ci NOT NULL,
  PRIMARY KEY (`id`),
  UNIQUE KEY `index_cms_categories_on_site_id_and_categorized_type_and_label` (`site_id`,`categorized_type`,`label`)
) ENGINE=InnoDB DEFAULT CHARSET=utf8 COLLATE=utf8_unicode_ci;

--
-- Dumping data for table `biller_dev`.`cms_categories`
--

/*!40000 ALTER TABLE `cms_categories` DISABLE KEYS */;
LOCK TABLES `cms_categories` WRITE;
UNLOCK TABLES;
/*!40000 ALTER TABLE `cms_categories` ENABLE KEYS */;


--
-- Definition of table `biller_dev`.`cms_categorizations`
--

DROP TABLE IF EXISTS `biller_dev`.`cms_categorizations`;
CREATE TABLE  `biller_dev`.`cms_categorizations` (
  `id` int(11) NOT NULL AUTO_INCREMENT,
  `category_id` int(11) NOT NULL,
  `categorized_type` varchar(255) COLLATE utf8_unicode_ci NOT NULL,
  `categorized_id` int(11) NOT NULL,
  PRIMARY KEY (`id`),
  UNIQUE KEY `index_cms_categorizations_on_cat_id_and_catd_type_and_catd_id` (`category_id`,`categorized_type`,`categorized_id`)
) ENGINE=InnoDB DEFAULT CHARSET=utf8 COLLATE=utf8_unicode_ci;

--
-- Dumping data for table `biller_dev`.`cms_categorizations`
--

/*!40000 ALTER TABLE `cms_categorizations` DISABLE KEYS */;
LOCK TABLES `cms_categorizations` WRITE;
UNLOCK TABLES;
/*!40000 ALTER TABLE `cms_categorizations` ENABLE KEYS */;


--
-- Definition of table `biller_dev`.`cms_files`
--

DROP TABLE IF EXISTS `biller_dev`.`cms_files`;
CREATE TABLE  `biller_dev`.`cms_files` (
  `id` int(11) NOT NULL AUTO_INCREMENT,
  `site_id` int(11) NOT NULL,
  `block_id` int(11) DEFAULT NULL,
  `label` varchar(255) COLLATE utf8_unicode_ci NOT NULL,
  `file_file_name` varchar(255) COLLATE utf8_unicode_ci NOT NULL,
  `file_content_type` varchar(255) COLLATE utf8_unicode_ci NOT NULL,
  `file_file_size` int(11) NOT NULL,
  `description` varchar(2048) COLLATE utf8_unicode_ci DEFAULT NULL,
  `position` int(11) NOT NULL DEFAULT '0',
  `created_at` datetime DEFAULT NULL,
  `updated_at` datetime DEFAULT NULL,
  PRIMARY KEY (`id`),
  KEY `index_cms_files_on_site_id_and_label` (`site_id`,`label`),
  KEY `index_cms_files_on_site_id_and_file_file_name` (`site_id`,`file_file_name`),
  KEY `index_cms_files_on_site_id_and_position` (`site_id`,`position`),
  KEY `index_cms_files_on_site_id_and_block_id` (`site_id`,`block_id`)
) ENGINE=InnoDB DEFAULT CHARSET=utf8 COLLATE=utf8_unicode_ci;

--
-- Dumping data for table `biller_dev`.`cms_files`
--

/*!40000 ALTER TABLE `cms_files` DISABLE KEYS */;
LOCK TABLES `cms_files` WRITE;
UNLOCK TABLES;
/*!40000 ALTER TABLE `cms_files` ENABLE KEYS */;


--
-- Definition of table `biller_dev`.`cms_layouts`
--

DROP TABLE IF EXISTS `biller_dev`.`cms_layouts`;
CREATE TABLE  `biller_dev`.`cms_layouts` (
  `id` int(11) NOT NULL AUTO_INCREMENT,
  `site_id` int(11) NOT NULL,
  `parent_id` int(11) DEFAULT NULL,
  `app_layout` varchar(255) COLLATE utf8_unicode_ci DEFAULT NULL,
  `label` varchar(255) COLLATE utf8_unicode_ci NOT NULL,
  `identifier` varchar(255) COLLATE utf8_unicode_ci NOT NULL,
  `content` text COLLATE utf8_unicode_ci,
  `css` text COLLATE utf8_unicode_ci,
  `js` text COLLATE utf8_unicode_ci,
  `position` int(11) NOT NULL DEFAULT '0',
  `is_shared` tinyint(1) NOT NULL DEFAULT '0',
  `created_at` datetime DEFAULT NULL,
  `updated_at` datetime DEFAULT NULL,
  PRIMARY KEY (`id`),
  UNIQUE KEY `index_cms_layouts_on_site_id_and_identifier` (`site_id`,`identifier`),
  KEY `index_cms_layouts_on_parent_id_and_position` (`parent_id`,`position`)
) ENGINE=InnoDB DEFAULT CHARSET=utf8 COLLATE=utf8_unicode_ci;

--
-- Dumping data for table `biller_dev`.`cms_layouts`
--

/*!40000 ALTER TABLE `cms_layouts` DISABLE KEYS */;
LOCK TABLES `cms_layouts` WRITE;
UNLOCK TABLES;
/*!40000 ALTER TABLE `cms_layouts` ENABLE KEYS */;


--
-- Definition of table `biller_dev`.`cms_pages`
--

DROP TABLE IF EXISTS `biller_dev`.`cms_pages`;
CREATE TABLE  `biller_dev`.`cms_pages` (
  `id` int(11) NOT NULL AUTO_INCREMENT,
  `site_id` int(11) NOT NULL,
  `layout_id` int(11) DEFAULT NULL,
  `parent_id` int(11) DEFAULT NULL,
  `target_page_id` int(11) DEFAULT NULL,
  `label` varchar(255) COLLATE utf8_unicode_ci NOT NULL,
  `slug` varchar(255) COLLATE utf8_unicode_ci DEFAULT NULL,
  `full_path` varchar(255) COLLATE utf8_unicode_ci NOT NULL,
  `content` text COLLATE utf8_unicode_ci,
  `position` int(11) NOT NULL DEFAULT '0',
  `children_count` int(11) NOT NULL DEFAULT '0',
  `is_published` tinyint(1) NOT NULL DEFAULT '1',
  `is_shared` tinyint(1) NOT NULL DEFAULT '0',
  `created_at` datetime DEFAULT NULL,
  `updated_at` datetime DEFAULT NULL,
  PRIMARY KEY (`id`),
  KEY `index_cms_pages_on_site_id_and_full_path` (`site_id`,`full_path`),
  KEY `index_cms_pages_on_parent_id_and_position` (`parent_id`,`position`)
) ENGINE=InnoDB DEFAULT CHARSET=utf8 COLLATE=utf8_unicode_ci;

--
-- Dumping data for table `biller_dev`.`cms_pages`
--

/*!40000 ALTER TABLE `cms_pages` DISABLE KEYS */;
LOCK TABLES `cms_pages` WRITE;
UNLOCK TABLES;
/*!40000 ALTER TABLE `cms_pages` ENABLE KEYS */;


--
-- Definition of table `biller_dev`.`cms_revisions`
--

DROP TABLE IF EXISTS `biller_dev`.`cms_revisions`;
CREATE TABLE  `biller_dev`.`cms_revisions` (
  `id` int(11) NOT NULL AUTO_INCREMENT,
  `record_type` varchar(255) COLLATE utf8_unicode_ci NOT NULL,
  `record_id` int(11) NOT NULL,
  `data` text COLLATE utf8_unicode_ci,
  `created_at` datetime DEFAULT NULL,
  PRIMARY KEY (`id`),
  KEY `index_cms_revisions_on_record_type_and_record_id_and_created_at` (`record_type`,`record_id`,`created_at`)
) ENGINE=InnoDB DEFAULT CHARSET=utf8 COLLATE=utf8_unicode_ci;

--
-- Dumping data for table `biller_dev`.`cms_revisions`
--

/*!40000 ALTER TABLE `cms_revisions` DISABLE KEYS */;
LOCK TABLES `cms_revisions` WRITE;
UNLOCK TABLES;
/*!40000 ALTER TABLE `cms_revisions` ENABLE KEYS */;


--
-- Definition of table `biller_dev`.`cms_sites`
--

DROP TABLE IF EXISTS `biller_dev`.`cms_sites`;
CREATE TABLE  `biller_dev`.`cms_sites` (
  `id` int(11) NOT NULL AUTO_INCREMENT,
  `label` varchar(255) COLLATE utf8_unicode_ci NOT NULL,
  `identifier` varchar(255) COLLATE utf8_unicode_ci NOT NULL,
  `hostname` varchar(255) COLLATE utf8_unicode_ci NOT NULL,
  `path` varchar(255) COLLATE utf8_unicode_ci DEFAULT NULL,
  `locale` varchar(255) COLLATE utf8_unicode_ci NOT NULL DEFAULT 'en',
  `is_mirrored` tinyint(1) NOT NULL DEFAULT '0',
  PRIMARY KEY (`id`),
  KEY `index_cms_sites_on_hostname` (`hostname`),
  KEY `index_cms_sites_on_is_mirrored` (`is_mirrored`)
) ENGINE=InnoDB DEFAULT CHARSET=utf8 COLLATE=utf8_unicode_ci;

--
-- Dumping data for table `biller_dev`.`cms_sites`
--

/*!40000 ALTER TABLE `cms_sites` DISABLE KEYS */;
LOCK TABLES `cms_sites` WRITE;
UNLOCK TABLES;
/*!40000 ALTER TABLE `cms_sites` ENABLE KEYS */;


--
-- Definition of table `biller_dev`.`cms_snippets`
--

DROP TABLE IF EXISTS `biller_dev`.`cms_snippets`;
CREATE TABLE  `biller_dev`.`cms_snippets` (
  `id` int(11) NOT NULL AUTO_INCREMENT,
  `site_id` int(11) NOT NULL,
  `label` varchar(255) COLLATE utf8_unicode_ci NOT NULL,
  `identifier` varchar(255) COLLATE utf8_unicode_ci NOT NULL,
  `content` text COLLATE utf8_unicode_ci,
  `position` int(11) NOT NULL DEFAULT '0',
  `is_shared` tinyint(1) NOT NULL DEFAULT '0',
  `created_at` datetime DEFAULT NULL,
  `updated_at` datetime DEFAULT NULL,
  PRIMARY KEY (`id`),
  UNIQUE KEY `index_cms_snippets_on_site_id_and_identifier` (`site_id`,`identifier`),
  KEY `index_cms_snippets_on_site_id_and_position` (`site_id`,`position`)
) ENGINE=InnoDB DEFAULT CHARSET=utf8 COLLATE=utf8_unicode_ci;

--
-- Dumping data for table `biller_dev`.`cms_snippets`
--

/*!40000 ALTER TABLE `cms_snippets` DISABLE KEYS */;
LOCK TABLES `cms_snippets` WRITE;
UNLOCK TABLES;
/*!40000 ALTER TABLE `cms_snippets` ENABLE KEYS */;


--
-- Definition of table `biller_dev`.`invoice_status_logs`
--

DROP TABLE IF EXISTS `biller_dev`.`invoice_status_logs`;
CREATE TABLE  `biller_dev`.`invoice_status_logs` (
  `id` int(11) NOT NULL AUTO_INCREMENT,
  `invoice_id` int(11) DEFAULT NULL,
  `invoice_status_id` int(11) DEFAULT NULL,
  `created_by` int(11) DEFAULT NULL,
  `note` text COLLATE utf8_unicode_ci,
  `created_at` datetime DEFAULT NULL,
  `updated_at` datetime DEFAULT NULL,
  PRIMARY KEY (`id`)
) ENGINE=InnoDB DEFAULT CHARSET=utf8 COLLATE=utf8_unicode_ci;

--
-- Dumping data for table `biller_dev`.`invoice_status_logs`
--

/*!40000 ALTER TABLE `invoice_status_logs` DISABLE KEYS */;
LOCK TABLES `invoice_status_logs` WRITE;
UNLOCK TABLES;
/*!40000 ALTER TABLE `invoice_status_logs` ENABLE KEYS */;


--
-- Definition of table `biller_dev`.`invoice_statuses`
--

DROP TABLE IF EXISTS `biller_dev`.`invoice_statuses`;
CREATE TABLE  `biller_dev`.`invoice_statuses` (
  `id` int(11) NOT NULL AUTO_INCREMENT,
  `name` varchar(255) COLLATE utf8_unicode_ci DEFAULT NULL,
  `priority` int(11) DEFAULT NULL,
  PRIMARY KEY (`id`)
) ENGINE=InnoDB AUTO_INCREMENT=259 DEFAULT CHARSET=utf8 COLLATE=utf8_unicode_ci;

--
-- Dumping data for table `biller_dev`.`invoice_statuses`
--

/*!40000 ALTER TABLE `invoice_statuses` DISABLE KEYS */;
LOCK TABLES `invoice_statuses` WRITE;
INSERT INTO `biller_dev`.`invoice_statuses` VALUES  (131,NULL,NULL),
 (132,NULL,NULL),
 (133,NULL,NULL),
 (134,NULL,NULL),
 (135,NULL,NULL),
 (136,NULL,NULL),
 (137,NULL,NULL),
 (138,NULL,NULL),
 (139,NULL,NULL),
 (140,NULL,NULL),
 (141,NULL,NULL),
 (142,NULL,NULL),
 (143,NULL,NULL),
 (144,NULL,NULL),
 (145,NULL,NULL),
 (146,NULL,NULL),
 (147,NULL,NULL),
 (148,NULL,NULL),
 (149,NULL,NULL),
 (150,NULL,NULL),
 (151,NULL,NULL),
 (152,NULL,NULL),
 (153,NULL,NULL),
 (154,NULL,NULL),
 (155,NULL,NULL),
 (156,NULL,NULL),
 (157,NULL,NULL),
 (158,NULL,NULL),
 (159,NULL,NULL),
 (160,NULL,NULL),
 (161,NULL,NULL),
 (162,NULL,NULL),
 (163,NULL,NULL),
 (164,NULL,NULL),
 (165,NULL,NULL),
 (166,NULL,NULL),
 (167,NULL,NULL),
 (168,NULL,NULL),
 (169,NULL,NULL),
 (170,NULL,NULL),
 (171,NULL,NULL),
 (172,NULL,NULL),
 (173,NULL,NULL),
 (174,NULL,NULL),
 (175,NULL,NULL),
 (176,NULL,NULL),
 (177,NULL,NULL),
 (178,NULL,NULL),
 (179,NULL,NULL),
 (180,NULL,NULL),
 (181,NULL,NULL),
 (182,NULL,NULL),
 (183,NULL,NULL),
 (184,NULL,NULL),
 (185,NULL,NULL),
 (186,NULL,NULL),
 (187,NULL,NULL),
 (188,NULL,NULL),
 (189,NULL,NULL),
 (190,NULL,NULL),
 (191,NULL,NULL),
 (192,NULL,NULL),
 (193,NULL,NULL),
 (194,NULL,NULL),
 (195,NULL,NULL),
 (196,NULL,NULL),
 (197,NULL,NULL),
 (198,NULL,NULL),
 (199,NULL,NULL),
 (200,NULL,NULL),
 (201,NULL,NULL),
 (202,NULL,NULL),
 (203,NULL,NULL),
 (204,NULL,NULL),
 (205,NULL,NULL),
 (206,NULL,NULL),
 (207,NULL,NULL),
 (208,NULL,NULL),
 (209,NULL,NULL),
 (210,NULL,NULL),
 (211,NULL,NULL),
 (212,NULL,NULL),
 (213,NULL,NULL),
 (214,NULL,NULL),
 (215,NULL,NULL),
 (216,NULL,NULL),
 (217,NULL,NULL),
 (218,NULL,NULL),
 (219,NULL,NULL),
 (220,NULL,NULL),
 (221,NULL,NULL),
 (222,NULL,NULL),
 (223,NULL,NULL),
 (224,NULL,NULL),
 (225,NULL,NULL),
 (226,NULL,NULL),
 (227,NULL,NULL),
 (228,NULL,NULL),
 (229,NULL,NULL),
 (230,NULL,NULL),
 (231,NULL,NULL),
 (232,NULL,NULL),
 (233,NULL,NULL),
 (234,NULL,NULL),
 (235,NULL,NULL),
 (236,NULL,NULL),
 (237,NULL,NULL),
 (238,NULL,NULL),
 (239,NULL,NULL),
 (240,NULL,NULL),
 (241,NULL,NULL),
 (242,NULL,NULL),
 (243,NULL,NULL),
 (244,NULL,NULL),
 (245,NULL,NULL),
 (246,NULL,NULL),
 (247,NULL,NULL),
 (248,NULL,NULL),
 (249,NULL,NULL),
 (250,NULL,NULL),
 (251,NULL,NULL),
 (252,NULL,NULL),
 (253,NULL,NULL),
 (254,NULL,NULL),
 (255,NULL,NULL),
 (256,NULL,NULL),
 (257,NULL,NULL),
 (258,NULL,NULL);
UNLOCK TABLES;
/*!40000 ALTER TABLE `invoice_statuses` ENABLE KEYS */;


--
-- Definition of table `biller_dev`.`invoices`
--

DROP TABLE IF EXISTS `biller_dev`.`invoices`;
CREATE TABLE  `biller_dev`.`invoices` (
  `id` int(11) NOT NULL AUTO_INCREMENT,
  `organization_id` int(11) DEFAULT NULL,
  `account_id` int(11) DEFAULT NULL,
  `invoice_status_id` int(11) DEFAULT NULL,
  `created_at` datetime DEFAULT NULL,
  `updated_at` datetime DEFAULT NULL,
  `statuses` varchar(255) COLLATE utf8_unicode_ci DEFAULT NULL,
  PRIMARY KEY (`id`)
) ENGINE=InnoDB AUTO_INCREMENT=667 DEFAULT CHARSET=utf8 COLLATE=utf8_unicode_ci;

--
-- Dumping data for table `biller_dev`.`invoices`
--

/*!40000 ALTER TABLE `invoices` DISABLE KEYS */;
LOCK TABLES `invoices` WRITE;
INSERT INTO `biller_dev`.`invoices` VALUES  (353,7,15,134,'0000-00-00 00:00:00','2012-03-02 09:22:12',NULL),
 (354,7,20,135,'0000-00-00 00:00:00','2012-03-02 09:29:07',NULL),
 (355,7,12,136,'0000-00-00 00:00:00','2012-03-02 09:30:39',NULL),
 (356,7,14,137,'0000-00-00 00:00:00','2012-03-02 09:57:54',NULL),
 (357,7,14,138,'0000-00-00 00:00:00','2012-03-02 10:04:11',NULL),
 (358,7,8,139,'0000-00-00 00:00:00','2012-03-02 10:15:15',NULL),
 (359,7,2,140,'0000-00-00 00:00:00','2012-03-02 10:20:57',NULL),
 (360,7,11,141,'0000-00-00 00:00:00','2012-03-02 10:22:58',NULL),
 (361,7,7,142,'0000-00-00 00:00:00','2012-03-02 10:44:00',NULL),
 (362,7,3,143,'0000-00-00 00:00:00','2012-03-02 10:48:12',NULL),
 (363,7,4,144,'0000-00-00 00:00:00','2012-03-02 10:54:05',NULL),
 (364,7,NULL,145,'0000-00-00 00:00:00','2012-03-02 11:49:53',NULL),
 (365,7,NULL,146,'0000-00-00 00:00:00','2012-03-02 11:55:30',NULL),
 (366,7,NULL,147,'0000-00-00 00:00:00','2012-03-02 11:56:28',NULL),
 (367,7,NULL,150,'0000-00-00 00:00:00','2012-03-02 12:03:46',NULL),
 (368,7,NULL,151,'0000-00-00 00:00:00','2012-03-02 12:04:12',NULL),
 (369,7,NULL,152,'0000-00-00 00:00:00','2012-03-02 12:06:40',NULL),
 (370,7,NULL,153,'0000-00-00 00:00:00','2012-03-02 12:11:15',NULL),
 (371,7,NULL,154,'0000-00-00 00:00:00','2012-03-02 12:12:08',NULL),
 (372,7,NULL,155,'0000-00-00 00:00:00','2012-03-02 12:12:40',NULL),
 (373,7,NULL,156,'0000-00-00 00:00:00','2012-03-02 12:13:52',NULL),
 (374,7,NULL,157,'0000-00-00 00:00:00','2012-03-02 12:15:31',NULL),
 (375,7,NULL,158,'0000-00-00 00:00:00','2012-03-02 12:15:37',NULL),
 (376,7,NULL,159,'0000-00-00 00:00:00','2012-03-02 12:36:02',NULL),
 (377,7,NULL,160,'0000-00-00 00:00:00','2012-03-02 12:47:17',NULL),
 (378,7,NULL,161,'0000-00-00 00:00:00','2012-03-02 12:47:18',NULL),
 (379,7,NULL,162,'0000-00-00 00:00:00','2012-03-02 12:47:18',NULL),
 (380,7,NULL,163,'0000-00-00 00:00:00','2012-03-02 12:47:19',NULL),
 (381,7,NULL,164,'0000-00-00 00:00:00','2012-03-02 12:47:19',NULL),
 (382,7,NULL,165,'0000-00-00 00:00:00','2012-03-02 12:47:20',NULL),
 (383,7,NULL,166,'0000-00-00 00:00:00','2012-03-02 12:48:12',NULL),
 (384,7,NULL,167,'0000-00-00 00:00:00','2012-03-02 12:48:13',NULL),
 (385,7,NULL,168,'0000-00-00 00:00:00','2012-03-02 12:49:21',NULL),
 (386,7,NULL,169,'0000-00-00 00:00:00','2012-03-02 12:50:03',NULL),
 (387,7,NULL,170,'0000-00-00 00:00:00','2012-03-02 12:50:04',NULL),
 (388,7,NULL,171,'0000-00-00 00:00:00','2012-03-02 12:50:09',NULL),
 (389,7,NULL,172,'0000-00-00 00:00:00','2012-03-02 12:50:28',NULL),
 (390,7,NULL,173,'0000-00-00 00:00:00','2012-03-02 12:50:41',NULL),
 (391,7,NULL,174,'0000-00-00 00:00:00','2012-03-02 12:51:42',NULL),
 (392,7,NULL,175,'0000-00-00 00:00:00','2012-03-02 12:51:49',NULL),
 (393,7,NULL,176,'0000-00-00 00:00:00','2012-03-02 12:53:32',NULL),
 (394,7,NULL,177,'0000-00-00 00:00:00','2012-03-02 12:53:48',NULL),
 (395,7,NULL,178,'0000-00-00 00:00:00','2012-03-02 12:54:47',NULL),
 (396,7,NULL,179,'0000-00-00 00:00:00','2012-03-02 12:55:08',NULL),
 (397,7,NULL,180,'0000-00-00 00:00:00','2012-03-02 12:55:09',NULL),
 (398,7,NULL,181,'0000-00-00 00:00:00','2012-03-02 12:55:09',NULL),
 (399,7,NULL,182,'0000-00-00 00:00:00','2012-03-02 12:55:10',NULL),
 (400,7,NULL,183,'0000-00-00 00:00:00','2012-03-02 12:55:10',NULL),
 (401,7,NULL,184,'0000-00-00 00:00:00','2012-03-02 12:55:11',NULL),
 (402,7,NULL,185,'0000-00-00 00:00:00','2012-03-02 12:55:12',NULL),
 (403,7,NULL,186,'0000-00-00 00:00:00','2012-03-02 12:55:12',NULL),
 (404,7,NULL,187,'0000-00-00 00:00:00','2012-03-02 12:55:13',NULL),
 (405,7,NULL,188,'0000-00-00 00:00:00','2012-03-02 12:55:13',NULL),
 (406,7,NULL,189,'0000-00-00 00:00:00','2012-03-02 12:55:14',NULL),
 (407,7,NULL,190,'0000-00-00 00:00:00','2012-03-02 12:55:43',NULL),
 (408,7,NULL,191,'0000-00-00 00:00:00','2012-03-02 12:55:43',NULL),
 (409,7,NULL,192,'0000-00-00 00:00:00','2012-03-02 12:55:44',NULL),
 (410,7,NULL,193,'0000-00-00 00:00:00','2012-03-02 12:55:45',NULL),
 (411,7,NULL,194,'0000-00-00 00:00:00','2012-03-02 12:55:45',NULL),
 (412,7,NULL,195,'0000-00-00 00:00:00','2012-03-02 12:55:45',NULL),
 (413,7,NULL,196,'0000-00-00 00:00:00','2012-03-02 12:55:46',NULL),
 (414,7,NULL,197,'0000-00-00 00:00:00','2012-03-02 12:55:53',NULL),
 (415,7,NULL,198,'0000-00-00 00:00:00','2012-03-02 12:56:06',NULL),
 (416,7,NULL,199,'0000-00-00 00:00:00','2012-03-02 12:56:48',NULL),
 (417,7,NULL,200,'0000-00-00 00:00:00','2012-03-02 12:56:49',NULL),
 (418,7,NULL,201,'0000-00-00 00:00:00','2012-03-02 12:57:02',NULL),
 (419,7,NULL,202,'0000-00-00 00:00:00','2012-03-02 12:57:58',NULL),
 (420,7,NULL,203,'0000-00-00 00:00:00','2012-03-02 12:58:03',NULL),
 (421,7,NULL,204,'0000-00-00 00:00:00','2012-03-02 12:58:04',NULL),
 (422,7,NULL,205,'0000-00-00 00:00:00','2012-03-02 12:58:04',NULL),
 (423,7,NULL,206,'0000-00-00 00:00:00','2012-03-02 12:58:04',NULL),
 (424,7,NULL,207,'0000-00-00 00:00:00','2012-03-02 12:58:05',NULL),
 (425,7,NULL,208,'0000-00-00 00:00:00','2012-03-02 12:59:02',NULL),
 (426,7,NULL,209,'0000-00-00 00:00:00','2012-03-02 12:59:03',NULL),
 (427,7,NULL,210,'0000-00-00 00:00:00','2012-03-02 12:59:05',NULL),
 (428,7,NULL,211,'0000-00-00 00:00:00','2012-03-02 12:59:05',NULL),
 (429,7,NULL,212,'0000-00-00 00:00:00','2012-03-02 12:59:06',NULL),
 (430,7,NULL,213,'0000-00-00 00:00:00','2012-03-02 13:01:08',NULL),
 (431,7,NULL,214,'0000-00-00 00:00:00','2012-03-02 13:05:01',NULL),
 (432,7,NULL,215,'0000-00-00 00:00:00','2012-03-02 13:05:32',NULL),
 (433,7,NULL,216,'0000-00-00 00:00:00','2012-03-02 13:05:32',NULL),
 (434,7,NULL,217,'0000-00-00 00:00:00','2012-03-02 13:06:10',NULL),
 (435,7,NULL,218,'0000-00-00 00:00:00','2012-03-02 13:06:11',NULL),
 (436,7,NULL,219,'0000-00-00 00:00:00','2012-03-02 13:06:11',NULL),
 (437,7,NULL,220,'0000-00-00 00:00:00','2012-03-02 13:06:12',NULL),
 (438,7,NULL,221,'0000-00-00 00:00:00','2012-03-02 13:06:12',NULL),
 (439,7,NULL,222,'0000-00-00 00:00:00','2012-03-02 13:06:13',NULL),
 (440,7,NULL,223,'0000-00-00 00:00:00','2012-03-02 13:06:33',NULL),
 (441,7,NULL,224,'0000-00-00 00:00:00','2012-03-02 13:06:36',NULL),
 (442,7,NULL,225,'0000-00-00 00:00:00','2012-03-02 13:07:48',NULL),
 (443,7,NULL,226,'0000-00-00 00:00:00','2012-03-02 13:08:15',NULL),
 (444,7,NULL,227,'0000-00-00 00:00:00','2012-03-02 13:08:24',NULL),
 (445,7,NULL,228,'0000-00-00 00:00:00','2012-03-02 13:08:40',NULL),
 (446,7,NULL,229,'0000-00-00 00:00:00','2012-03-02 13:08:40',NULL),
 (447,7,NULL,230,'0000-00-00 00:00:00','2012-03-02 13:08:47',NULL),
 (448,7,NULL,231,'0000-00-00 00:00:00','2012-03-02 13:08:49',NULL),
 (449,7,NULL,232,'0000-00-00 00:00:00','2012-03-02 13:09:18',NULL),
 (450,7,NULL,233,'0000-00-00 00:00:00','2012-03-02 13:09:20',NULL),
 (451,7,NULL,234,'0000-00-00 00:00:00','2012-03-02 13:12:28',NULL),
 (452,7,NULL,235,'0000-00-00 00:00:00','2012-03-02 13:18:26',NULL),
 (453,7,NULL,236,'0000-00-00 00:00:00','2012-03-02 13:22:51',NULL),
 (454,7,NULL,237,'0000-00-00 00:00:00','2012-03-02 13:23:23',NULL),
 (455,7,NULL,238,'0000-00-00 00:00:00','2012-03-02 13:24:20',NULL),
 (456,7,NULL,239,'0000-00-00 00:00:00','2012-03-02 13:24:27',NULL),
 (457,7,NULL,240,'0000-00-00 00:00:00','2012-03-02 13:28:21',NULL),
 (458,7,NULL,241,'0000-00-00 00:00:00','2012-03-02 13:28:22',NULL),
 (459,7,NULL,242,'0000-00-00 00:00:00','2012-03-02 13:28:23',NULL),
 (460,7,NULL,243,'0000-00-00 00:00:00','2012-03-02 13:29:36',NULL),
 (461,7,NULL,244,'0000-00-00 00:00:00','2012-03-02 13:30:08',NULL),
 (462,7,NULL,245,'0000-00-00 00:00:00','2012-03-02 13:30:24',NULL),
 (463,7,NULL,246,'0000-00-00 00:00:00','2012-03-02 13:32:17',NULL),
 (464,7,NULL,247,'0000-00-00 00:00:00','2012-03-02 13:32:19',NULL),
 (465,7,NULL,248,'0000-00-00 00:00:00','2012-03-02 13:32:37',NULL),
 (466,7,NULL,249,'0000-00-00 00:00:00','2012-03-02 13:36:44',NULL),
 (467,7,NULL,250,'0000-00-00 00:00:00','2012-03-02 13:37:40',NULL),
 (468,7,NULL,251,'0000-00-00 00:00:00','2012-03-02 14:42:44',NULL),
 (469,7,NULL,252,'2012-03-03 09:14:27','2012-03-03 09:14:27',NULL),
 (470,7,NULL,253,'2012-03-03 09:14:30','2012-03-03 09:14:30',NULL),
 (471,7,NULL,254,'2012-03-03 09:14:51','2012-03-03 09:14:51',NULL),
 (472,7,NULL,255,'2012-03-03 09:15:10','2012-03-03 09:15:10',NULL),
 (473,7,NULL,256,'2012-03-03 09:15:13','2012-03-03 09:15:13',NULL),
 (474,7,NULL,257,'2012-03-03 09:15:44','2012-03-03 09:15:44',NULL),
 (475,7,NULL,258,'2012-03-03 09:15:50','2012-03-03 09:15:50',NULL),
 (476,7,NULL,NULL,'2012-03-03 13:29:34','2012-03-03 13:29:34',NULL),
 (477,7,NULL,NULL,'2012-03-03 13:29:44','2012-03-03 13:29:44',NULL),
 (478,7,NULL,NULL,'2012-03-03 13:30:22','2012-03-03 13:30:22',NULL),
 (479,7,NULL,NULL,'2012-03-03 13:31:20','2012-03-03 13:31:20',NULL),
 (480,7,12,NULL,'2012-03-03 13:32:45','2012-03-03 13:32:45',NULL),
 (481,7,NULL,NULL,'2012-03-03 13:35:58','2012-03-03 13:35:58',NULL),
 (482,7,NULL,NULL,'2012-03-03 13:36:31','2012-03-03 13:36:31',NULL),
 (483,7,NULL,NULL,'2012-03-03 13:37:30','2012-03-03 13:37:30',NULL),
 (484,7,NULL,NULL,'2012-03-03 13:37:51','2012-03-03 13:37:51',NULL),
 (485,7,NULL,NULL,'2012-03-03 13:38:36','2012-03-03 13:38:36',NULL),
 (486,7,NULL,NULL,'2012-03-03 13:39:21','2012-03-03 13:39:21',NULL),
 (487,7,NULL,NULL,'2012-03-03 13:40:12','2012-03-03 13:40:12',NULL),
 (488,7,NULL,NULL,'2012-03-03 13:40:38','2012-03-03 13:40:38',NULL),
 (489,7,NULL,NULL,'2012-03-03 13:40:52','2012-03-03 13:40:52',NULL),
 (490,7,NULL,NULL,'2012-03-03 13:41:03','2012-03-03 13:41:03',NULL),
 (491,7,NULL,NULL,'2012-03-03 13:41:26','2012-03-03 13:41:26',NULL),
 (492,7,NULL,NULL,'2012-03-03 13:41:40','2012-03-03 13:41:40',NULL),
 (493,7,NULL,NULL,'2012-03-03 13:41:59','2012-03-03 13:41:59',NULL),
 (494,7,NULL,NULL,'2012-03-03 13:42:11','2012-03-03 13:42:11',NULL),
 (495,7,NULL,NULL,'2012-03-03 13:42:34','2012-03-03 13:42:34',NULL),
 (496,7,NULL,NULL,'2012-03-03 13:42:50','2012-03-03 13:42:50',NULL),
 (497,7,NULL,NULL,'2012-03-03 13:42:59','2012-03-03 13:42:59',NULL),
 (498,7,NULL,NULL,'2012-03-03 13:43:15','2012-03-03 13:43:15',NULL),
 (499,7,NULL,NULL,'2012-03-03 13:43:29','2012-03-03 13:43:29',NULL),
 (500,7,NULL,NULL,'2012-03-03 13:44:01','2012-03-03 13:44:01',NULL),
 (501,7,NULL,NULL,'2012-03-03 13:44:20','2012-03-03 13:44:20',NULL),
 (502,7,NULL,NULL,'2012-03-03 13:44:30','2012-03-03 13:44:30',NULL),
 (503,7,NULL,NULL,'2012-03-03 13:44:40','2012-03-03 13:44:40',NULL),
 (504,7,NULL,NULL,'2012-03-03 13:45:13','2012-03-03 13:45:13',NULL),
 (505,7,NULL,NULL,'2012-03-03 13:45:24','2012-03-03 13:45:24',NULL),
 (506,7,NULL,NULL,'2012-03-03 13:46:05','2012-03-03 13:46:05',NULL),
 (507,7,NULL,NULL,'2012-03-03 13:46:57','2012-03-03 13:46:57',NULL),
 (508,7,NULL,NULL,'2012-03-03 13:48:35','2012-03-03 13:48:35',NULL),
 (509,7,NULL,NULL,'2012-03-03 13:49:07','2012-03-03 13:49:07',NULL),
 (510,7,NULL,NULL,'2012-03-03 13:49:47','2012-03-03 13:49:47',NULL),
 (511,7,NULL,NULL,'2012-03-03 13:50:10','2012-03-03 13:50:10',NULL),
 (512,7,NULL,NULL,'2012-03-03 13:50:32','2012-03-03 13:50:32',NULL),
 (513,7,NULL,NULL,'2012-03-03 13:53:00','2012-03-03 13:53:00',''),
 (514,7,NULL,NULL,'2012-03-03 13:53:20','2012-03-03 13:53:20',''),
 (515,7,NULL,NULL,'2012-03-03 13:53:50','2012-03-03 13:53:50',''),
 (516,7,NULL,NULL,'2012-03-03 13:54:06','2012-03-03 13:54:06',''),
 (517,7,NULL,NULL,'2012-03-03 13:54:26','2012-03-03 13:54:26',''),
 (518,7,NULL,NULL,'2012-03-03 13:55:21','2012-03-03 13:55:21',''),
 (519,7,NULL,NULL,'2012-03-03 13:56:44','2012-03-03 13:56:44',''),
 (520,7,NULL,NULL,'2012-03-03 13:57:19','2012-03-03 13:57:19',''),
 (521,7,NULL,NULL,'2012-03-03 13:57:35','2012-03-03 13:57:35',''),
 (522,7,NULL,NULL,'2012-03-03 13:57:51','2012-03-03 13:57:51',''),
 (523,7,12,NULL,'2012-03-03 13:58:10','2012-03-03 13:58:10',''),
 (524,7,12,NULL,'2012-03-03 13:58:24','2012-03-03 13:58:24','Due'),
 (525,7,12,NULL,'2012-03-03 13:59:31','2012-03-03 13:59:31','Due'),
 (526,7,12,NULL,'2012-03-03 14:01:46','2012-03-03 14:01:46','Due'),
 (527,7,12,NULL,'2012-03-03 14:02:07','2012-03-03 14:02:07','Due'),
 (528,7,12,NULL,'2012-03-03 14:02:31','2012-03-03 14:02:31','Due'),
 (529,7,12,NULL,'2012-03-03 14:02:54','2012-03-03 14:02:54','Due'),
 (530,7,12,NULL,'2012-03-03 14:04:21','2012-03-03 14:04:21','Due'),
 (531,7,12,NULL,'2012-03-03 14:04:51','2012-03-03 14:04:51','Due'),
 (532,7,12,NULL,'2012-03-03 14:05:33','2012-03-03 14:05:33','Due'),
 (533,7,12,NULL,'2012-03-03 14:05:47','2012-03-03 14:05:47','Due'),
 (534,7,12,NULL,'2012-03-03 14:06:44','2012-03-03 14:06:44','Due'),
 (535,7,12,NULL,'2012-03-03 14:07:17','2012-03-03 14:07:17','Due'),
 (536,7,12,NULL,'2012-03-03 14:07:32','2012-03-03 14:07:32','Due'),
 (537,7,12,NULL,'2012-03-03 14:08:52','2012-03-03 14:08:52','Due'),
 (538,7,12,NULL,'2012-03-03 14:09:32','2012-03-03 14:09:32','Due'),
 (539,7,12,NULL,'2012-03-03 14:09:48','2012-03-03 14:09:48','Due'),
 (540,7,12,NULL,'2012-03-03 14:10:12','2012-03-03 14:10:12','Due'),
 (541,7,NULL,NULL,'2012-03-03 14:12:08','2012-03-03 14:12:08',''),
 (542,7,NULL,NULL,'2012-03-03 14:13:16','2012-03-03 14:13:16',''),
 (543,7,NULL,NULL,'2012-03-03 14:15:00','2012-03-03 14:15:00',''),
 (544,7,NULL,NULL,'2012-03-03 14:16:01','2012-03-03 14:16:01',''),
 (545,7,NULL,NULL,'2012-03-03 14:16:19','2012-03-03 14:16:19',''),
 (546,7,NULL,NULL,'2012-03-03 14:16:33','2012-03-03 14:16:33',''),
 (547,7,NULL,NULL,'2012-03-03 14:16:48','2012-03-03 14:16:48',''),
 (548,7,NULL,NULL,'2012-03-03 14:17:45','2012-03-03 14:17:45',''),
 (549,7,NULL,NULL,'2012-03-03 14:18:09','2012-03-03 14:18:09',''),
 (550,7,NULL,NULL,'2012-03-03 14:19:16','2012-03-03 14:19:16',''),
 (551,7,NULL,NULL,'2012-03-03 14:19:39','2012-03-03 14:19:39',''),
 (552,7,NULL,NULL,'2012-03-03 14:19:51','2012-03-03 14:19:51',''),
 (553,7,NULL,NULL,'2012-03-03 14:20:05','2012-03-03 14:20:05',''),
 (554,7,NULL,NULL,'2012-03-03 14:22:23','2012-03-03 14:22:23',''),
 (555,7,NULL,NULL,'2012-03-03 14:22:39','2012-03-03 14:22:39',''),
 (556,7,NULL,NULL,'2012-03-03 14:22:59','2012-03-03 14:22:59',''),
 (557,7,NULL,NULL,'2012-03-03 14:23:15','2012-03-03 14:23:15',''),
 (558,7,NULL,NULL,'2012-03-03 14:23:35','2012-03-03 14:23:35',''),
 (559,7,NULL,NULL,'2012-03-03 14:24:24','2012-03-03 14:24:24',''),
 (560,7,NULL,NULL,'2012-03-03 14:24:55','2012-03-03 14:24:55',''),
 (561,7,NULL,NULL,'2012-03-03 14:26:32','2012-03-03 14:26:32',''),
 (562,7,12,NULL,'2012-03-03 14:27:50','2012-03-03 14:27:50','Pending'),
 (563,7,12,NULL,'2012-03-03 14:28:15','2012-03-03 14:28:15','Pending'),
 (564,7,12,NULL,'2012-03-03 14:29:51','2012-03-03 14:29:51','Pending'),
 (565,7,12,NULL,'2012-03-03 14:30:39','2012-03-03 14:30:39','Pending'),
 (566,7,12,NULL,'2012-03-03 14:30:52','2012-03-03 14:30:52','Pending'),
 (567,7,12,NULL,'2012-03-03 14:31:30','2012-03-03 14:31:30','Pending'),
 (568,7,12,NULL,'2012-03-03 14:31:44','2012-03-03 14:31:44','Pending'),
 (569,7,12,NULL,'2012-03-03 14:32:24','2012-03-03 14:32:24','Pending'),
 (570,7,12,NULL,'2012-03-03 14:33:31','2012-03-03 14:33:31','Pending'),
 (571,7,12,NULL,'2012-03-03 14:33:56','2012-03-03 14:33:56','Pending'),
 (572,7,12,NULL,'2012-03-03 14:34:30','2012-03-03 14:34:30','Pending'),
 (573,7,12,NULL,'2012-03-03 14:34:56','2012-03-03 14:34:56','Pending'),
 (574,7,12,NULL,'2012-03-03 14:35:27','2012-03-03 14:35:27','Pending'),
 (575,7,12,NULL,'2012-03-03 14:35:50','2012-03-03 14:35:50','Pending'),
 (576,7,12,NULL,'2012-03-03 14:36:11','2012-03-03 14:36:11','Pending'),
 (577,7,12,NULL,'2012-03-03 14:36:29','2012-03-03 14:36:29','Pending'),
 (578,7,12,NULL,'2012-03-03 14:36:57','2012-03-03 14:36:57','Pending'),
 (579,7,12,NULL,'2012-03-03 14:37:22','2012-03-03 14:37:22','Pending'),
 (580,7,12,NULL,'2012-03-03 14:37:36','2012-03-03 14:37:36','Pending'),
 (581,7,12,NULL,'2012-03-03 14:38:28','2012-03-03 14:38:28','Pending'),
 (582,7,12,NULL,'2012-03-03 14:39:14','2012-03-03 14:39:14','Pending'),
 (583,7,12,NULL,'2012-03-03 14:39:42','2012-03-03 14:39:42','Pending'),
 (584,7,12,NULL,'2012-03-03 14:40:03','2012-03-03 14:40:03','Pending'),
 (585,7,12,NULL,'2012-03-03 14:40:24','2012-03-03 14:40:24','Pending'),
 (586,7,12,NULL,'2012-03-03 14:41:02','2012-03-03 14:41:02','Pending'),
 (587,7,12,NULL,'2012-03-03 14:42:32','2012-03-03 14:42:32','Pending'),
 (588,7,12,NULL,'2012-03-03 14:43:10','2012-03-03 14:43:10','Pending'),
 (589,7,12,NULL,'2012-03-03 14:43:42','2012-03-03 14:43:42','Pending'),
 (590,7,NULL,NULL,'2012-03-03 14:58:32','2012-03-03 14:58:32',''),
 (591,7,NULL,NULL,'2012-03-03 14:59:13','2012-03-03 14:59:13',''),
 (592,7,NULL,NULL,'2012-03-03 14:59:59','2012-03-03 14:59:59',''),
 (593,7,NULL,NULL,'2012-03-03 15:12:16','2012-03-03 15:12:16',''),
 (594,7,NULL,NULL,'2012-03-03 15:12:38','2012-03-03 15:12:38',''),
 (595,7,NULL,NULL,'2012-03-03 15:12:51','2012-03-03 15:12:51',''),
 (596,7,NULL,NULL,'2012-03-03 15:13:11','2012-03-03 15:13:11',''),
 (597,7,NULL,NULL,'2012-03-03 15:25:09','2012-03-03 15:25:09',''),
 (598,7,NULL,NULL,'2012-03-03 15:26:13','2012-03-03 15:26:13',''),
 (599,7,NULL,NULL,'2012-03-03 15:27:31','2012-03-03 15:27:31',''),
 (600,7,NULL,NULL,'2012-03-03 15:27:56','2012-03-03 15:27:56',''),
 (601,7,NULL,NULL,'2012-03-03 15:28:30','2012-03-03 15:28:30',''),
 (602,7,NULL,NULL,'2012-03-03 15:28:52','2012-03-03 15:28:52',''),
 (603,7,NULL,NULL,'2012-03-03 15:28:57','2012-03-03 15:28:57',''),
 (604,7,NULL,NULL,'2012-03-03 15:31:19','2012-03-03 15:31:19',''),
 (605,7,NULL,NULL,'2012-03-03 15:32:11','2012-03-03 15:32:11',''),
 (606,7,NULL,NULL,'2012-03-03 15:33:43','2012-03-03 15:33:43',''),
 (607,7,NULL,NULL,'2012-03-03 15:36:11','2012-03-03 15:36:11',''),
 (608,7,4,NULL,'2012-03-03 15:45:05','2012-03-03 15:45:05','Pending'),
 (609,7,NULL,NULL,'2012-03-03 16:37:12','2012-03-03 16:37:12',''),
 (610,7,4,NULL,'2012-03-03 16:40:02','2012-03-03 16:40:02','Pending'),
 (611,7,NULL,NULL,'2012-03-03 16:40:25','2012-03-03 16:40:25',''),
 (612,7,10,NULL,'2012-03-03 16:50:42','2012-03-03 16:50:42','Pending'),
 (613,7,10,NULL,'2012-03-03 16:53:00','2012-03-03 16:53:00','Pending'),
 (614,7,10,NULL,'2012-03-03 16:53:22','2012-03-03 16:53:22','Pending'),
 (615,7,10,NULL,'2012-03-03 16:53:28','2012-03-03 16:53:28','Pending'),
 (616,7,345,NULL,'2012-03-05 14:33:32','2012-03-05 14:33:32',''),
 (617,7,15,NULL,'2012-03-06 11:20:25','2012-03-06 11:20:25',''),
 (618,7,14,NULL,'2012-03-06 11:37:01','2012-03-06 11:37:01','Pending'),
 (619,7,12,NULL,'2012-03-06 11:44:05','2012-03-06 11:44:05','Pending'),
 (620,7,12,NULL,'2012-03-06 11:45:57','2012-03-06 11:45:57','Received'),
 (621,7,121,NULL,'2012-03-06 11:51:04','2012-03-06 11:51:04','Pending'),
 (622,7,12,NULL,'2012-03-06 11:52:57','2012-03-06 11:52:57','Received'),
 (623,7,12,NULL,'2012-03-06 11:58:35','2012-03-06 11:58:35','Pending'),
 (624,7,12,NULL,'2012-03-06 12:12:04','2012-03-06 12:12:04',''),
 (625,7,12,NULL,'2012-03-06 12:12:46','2012-03-06 12:12:46',''),
 (626,7,2,NULL,'2012-03-06 12:13:49','2012-03-06 12:13:49',''),
 (627,7,12,NULL,'2012-03-06 12:14:06','2012-03-06 12:14:06',''),
 (628,7,12,NULL,'2012-03-06 12:42:21','2012-03-06 12:42:21',''),
 (629,12,12,NULL,'2012-03-06 12:43:17','2012-03-06 12:43:17',''),
 (630,12,2,NULL,'2012-03-06 12:43:48','2012-03-06 12:43:48',''),
 (631,12,4,NULL,'2012-03-06 12:44:17','2012-03-06 12:44:17',''),
 (632,7,6,NULL,'2012-03-06 12:58:56','2012-03-06 12:58:56',''),
 (633,7,5,NULL,'2012-03-06 13:00:32','2012-03-06 13:00:32',''),
 (634,7,6,NULL,'2012-03-06 13:02:58','2012-03-06 13:02:58',''),
 (635,7,12,NULL,'2012-03-06 13:05:59','2012-03-06 13:05:59',''),
 (636,7,4,NULL,'2012-03-06 14:01:59','2012-03-06 14:01:59',''),
 (637,7,13,NULL,'2012-03-06 14:12:42','2012-03-06 14:12:42',''),
 (638,7,12,NULL,'2012-03-06 16:54:57','2012-03-06 16:54:57',''),
 (639,7,12,NULL,'2012-03-06 16:55:31','2012-03-06 16:55:31',''),
 (640,7,12,NULL,'2012-03-06 16:55:56','2012-03-06 16:55:56',''),
 (641,7,12,NULL,'2012-03-06 16:56:00','2012-03-06 16:56:00',''),
 (642,7,12,NULL,'2012-03-06 17:02:54','2012-03-06 17:02:54',''),
 (643,7,12,NULL,'2012-03-06 17:04:54','2012-03-06 17:04:54',''),
 (644,7,12,NULL,'2012-03-06 17:09:23','2012-03-06 17:09:23',''),
 (645,7,12,NULL,'2012-03-06 17:10:01','2012-03-06 17:10:01',''),
 (646,7,12,NULL,'2012-03-06 17:12:12','2012-03-06 17:12:12',''),
 (647,7,12,NULL,'2012-03-06 17:16:12','2012-03-06 17:16:12',''),
 (648,7,12,NULL,'2012-03-06 17:17:34','2012-03-06 17:17:34',''),
 (649,7,12,NULL,'2012-03-06 17:18:23','2012-03-06 17:18:23',''),
 (650,7,12,NULL,'2012-03-06 17:18:48','2012-03-06 17:18:48',''),
 (651,7,4,NULL,'2012-03-06 17:20:41','2012-03-06 17:20:41','Received'),
 (652,7,6,NULL,'2012-03-06 17:57:15','2012-03-06 17:57:15','Received'),
 (653,7,8,NULL,'2012-03-06 18:17:05','2012-03-06 18:17:05','Pending'),
 (654,7,12,NULL,'2012-03-06 19:10:57','2012-03-06 19:10:57',''),
 (655,7,13,NULL,'2012-03-06 19:11:12','2012-03-06 19:11:12',''),
 (656,7,13,NULL,'2012-03-06 19:12:18','2012-03-06 19:12:18',''),
 (657,7,13,NULL,'2012-03-06 19:13:21','2012-03-06 19:13:21',''),
 (658,7,13,NULL,'2012-03-06 19:16:22','2012-03-06 19:16:22',''),
 (659,7,14,NULL,'2012-03-06 19:19:51','2012-03-06 19:19:51',''),
 (660,7,16,NULL,'2012-03-06 19:23:30','2012-03-06 19:23:30',''),
 (661,7,16,NULL,'2012-03-06 19:24:07','2012-03-06 19:24:07',''),
 (662,7,16,NULL,'2012-03-06 19:25:14','2012-03-06 19:25:14','Pending'),
 (663,7,34,NULL,'2012-03-06 21:03:43','2012-03-06 21:03:43',''),
 (664,7,10,NULL,'2012-03-06 21:03:53','2012-03-06 21:03:53',''),
 (665,7,10,NULL,'2012-03-06 21:04:55','2012-03-06 21:04:55',''),
 (666,7,15,NULL,'2012-03-06 22:11:01','2012-03-06 22:11:01','');
UNLOCK TABLES;
/*!40000 ALTER TABLE `invoices` ENABLE KEYS */;


--
-- Definition of table `biller_dev`.`line_items`
--

DROP TABLE IF EXISTS `biller_dev`.`line_items`;
CREATE TABLE  `biller_dev`.`line_items` (
  `id` int(11) NOT NULL AUTO_INCREMENT,
  `invoice_id` int(11) DEFAULT NULL,
  `name` varchar(255) COLLATE utf8_unicode_ci DEFAULT NULL,
  `quantity` float DEFAULT NULL,
  `unit_price` float DEFAULT NULL,
  `created_at` datetime DEFAULT NULL,
  `updated_at` datetime DEFAULT NULL,
  PRIMARY KEY (`id`)
) ENGINE=InnoDB AUTO_INCREMENT=746 DEFAULT CHARSET=utf8 COLLATE=utf8_unicode_ci;

--
-- Dumping data for table `biller_dev`.`line_items`
--

/*!40000 ALTER TABLE `line_items` DISABLE KEYS */;
LOCK TABLES `line_items` WRITE;
INSERT INTO `biller_dev`.`line_items` VALUES  (379,353,'tomato',34,20,'2012-03-02 09:22:52','2012-03-02 09:22:52'),
 (380,353,'mobile',4,4300,'2012-03-02 09:25:16','2012-03-02 09:25:16'),
 (381,356,'bike',15,50000,'2012-03-02 09:29:30','2012-03-02 09:58:17'),
 (382,357,'tshirt',5,1500,'2012-03-02 10:04:44','2012-03-02 10:04:44'),
 (383,357,'test',10,NULL,'2012-03-02 10:05:15','2012-03-02 10:05:26'),
 (384,357,'hello',5,20,'2012-03-02 10:06:24','2012-03-02 10:06:32'),
 (385,358,'test',25,50,'2012-03-02 10:16:54','2012-03-02 10:17:38'),
 (386,360,'rice',40,30,'2012-03-02 10:23:17','2012-03-02 10:23:17'),
 (387,360,'hello',2,20,'2012-03-02 10:26:19','2012-03-02 10:26:26'),
 (388,361,'test',12,50,'2012-03-02 10:44:06','2012-03-02 10:44:09'),
 (389,361,'test',22,50,'2012-03-02 10:45:36','2012-03-02 10:45:43'),
 (390,361,'house',1,1e+06,'2012-03-02 10:47:10','2012-03-02 10:47:10'),
 (391,362,'dal',12,80,'2012-03-02 10:49:12','2012-03-02 10:49:12'),
 (392,362,'vegetable',20,15,'2012-03-02 10:52:28','2012-03-02 10:52:28'),
 (393,NULL,'helloa',NULL,201,'2012-03-02 11:12:13','2012-03-02 11:12:13'),
 (394,NULL,'helloa',NULL,201,'2012-03-02 11:12:17','2012-03-02 11:12:17'),
 (395,NULL,'helloa',NULL,201,'2012-03-02 11:13:45','2012-03-02 11:13:45'),
 (396,NULL,'helloa',NULL,201,'2012-03-02 11:14:09','2012-03-02 11:14:09'),
 (397,NULL,'helloa',NULL,201,'2012-03-02 11:14:14','2012-03-02 11:14:14'),
 (398,363,'',NULL,NULL,'2012-03-02 11:16:55','2012-03-02 11:16:55'),
 (399,363,'',NULL,NULL,'2012-03-02 11:16:56','2012-03-02 11:16:56'),
 (400,363,'',NULL,NULL,'2012-03-02 11:17:00','2012-03-02 11:17:00'),
 (401,363,'',NULL,NULL,'2012-03-02 11:17:15','2012-03-02 11:17:15'),
 (402,363,'',NULL,NULL,'2012-03-02 11:17:49','2012-03-02 11:17:49'),
 (403,363,'435',34,NULL,'2012-03-02 11:24:46','2012-03-02 11:24:46'),
 (404,363,'',NULL,NULL,'2012-03-02 11:26:40','2012-03-02 11:26:40'),
 (405,363,'',NULL,NULL,'2012-03-02 11:28:25','2012-03-02 11:28:25'),
 (406,363,'34',343,NULL,'2012-03-02 11:36:14','2012-03-02 11:36:14'),
 (407,363,'test',343,50,'2012-03-02 11:38:39','2012-03-02 11:38:39'),
 (408,363,'40',343,NULL,'2012-03-02 11:38:39','2012-03-02 11:38:39'),
 (409,363,'helloa',NULL,201,'2012-03-02 11:40:43','2012-03-02 11:40:43'),
 (410,363,'test',10,50,'2012-03-02 11:42:56','2012-03-02 11:42:56'),
 (411,363,'chicken',5,500,'2012-03-02 11:43:37','2012-03-02 11:43:37'),
 (412,363,'helloa',NULL,201,'2012-03-02 11:46:09','2012-03-02 11:46:09'),
 (413,363,'helloa',NULL,201,'2012-03-02 11:46:11','2012-03-02 11:46:11'),
 (414,363,'',NULL,NULL,'2012-03-02 11:46:11','2012-03-02 11:46:11'),
 (415,363,'helloa',NULL,201,'2012-03-02 11:51:09','2012-03-02 11:51:09'),
 (416,364,'helloa',NULL,201,'2012-03-02 11:51:33','2012-03-02 11:51:33'),
 (417,364,'helloa',NULL,201,'2012-03-02 11:52:15','2012-03-02 11:52:15'),
 (418,364,'helloa',NULL,201,'2012-03-02 11:52:35','2012-03-02 11:52:35'),
 (419,364,'helloa',NULL,201,'2012-03-02 11:53:01','2012-03-02 11:53:01'),
 (420,364,'helloa',NULL,201,'2012-03-02 11:54:13','2012-03-02 11:54:13'),
 (421,364,'helloa',NULL,201,'2012-03-02 11:55:04','2012-03-02 11:55:04'),
 (422,365,'helloa',NULL,201,'2012-03-02 11:56:56','2012-03-02 11:56:56'),
 (423,366,'helloa',NULL,201,'2012-03-02 11:57:26','2012-03-02 11:57:26'),
 (424,366,'helloa',NULL,201,'2012-03-02 11:58:36','2012-03-02 11:58:36'),
 (425,366,'helloa',NULL,201,'2012-03-02 11:59:14','2012-03-02 11:59:14'),
 (426,369,'helloa',NULL,201,'2012-03-02 12:09:35','2012-03-02 12:09:35'),
 (427,369,'',NULL,NULL,'2012-03-02 12:09:36','2012-03-02 12:09:36'),
 (428,369,'helloa',NULL,201,'2012-03-02 12:09:49','2012-03-02 12:09:49'),
 (429,369,'',NULL,NULL,'2012-03-02 12:09:49','2012-03-02 12:09:49'),
 (430,369,'helloa',NULL,201,'2012-03-02 12:09:54','2012-03-02 12:09:54'),
 (431,369,'',NULL,NULL,'2012-03-02 12:09:54','2012-03-02 12:09:54'),
 (432,369,'helloa',NULL,201,'2012-03-02 12:10:10','2012-03-02 12:10:10'),
 (433,369,'',NULL,NULL,'2012-03-02 12:10:10','2012-03-02 12:10:10'),
 (434,370,'helloa',NULL,201,'2012-03-02 12:12:19','2012-03-02 12:12:19'),
 (435,370,'helloa',NULL,201,'2012-03-02 12:12:34','2012-03-02 12:12:34'),
 (436,372,'helloa',NULL,201,'2012-03-02 12:13:50','2012-03-02 12:13:50'),
 (437,373,'helloa',NULL,201,'2012-03-02 12:15:41','2012-03-02 12:15:41'),
 (438,373,'',NULL,NULL,'2012-03-02 12:15:41','2012-03-02 12:15:41'),
 (439,373,'helloa',NULL,201,'2012-03-02 12:15:45','2012-03-02 12:15:45'),
 (440,373,'',NULL,NULL,'2012-03-02 12:15:45','2012-03-02 12:15:45'),
 (441,375,'helloa',NULL,201,'2012-03-02 12:27:21','2012-03-02 12:27:21'),
 (442,375,'',NULL,NULL,'2012-03-02 12:27:21','2012-03-02 12:27:21'),
 (443,375,'helloa',NULL,201,'2012-03-02 12:27:47','2012-03-02 12:27:47'),
 (444,375,'',NULL,NULL,'2012-03-02 12:27:47','2012-03-02 12:27:47'),
 (445,460,'helloa',NULL,201,'2012-03-02 13:30:31','2012-03-02 13:30:31'),
 (446,460,'',NULL,NULL,'2012-03-02 13:30:31','2012-03-02 13:30:31'),
 (447,462,'helloa',NULL,201,'2012-03-02 13:30:38','2012-03-02 13:30:38'),
 (448,462,'',NULL,NULL,'2012-03-02 13:30:38','2012-03-02 13:30:38'),
 (449,462,'helloa',NULL,201,'2012-03-02 13:30:50','2012-03-02 13:30:50'),
 (450,462,'',NULL,NULL,'2012-03-02 13:30:50','2012-03-02 13:30:50'),
 (451,462,'helloa',NULL,201,'2012-03-02 13:31:24','2012-03-02 13:31:24'),
 (452,462,'',NULL,NULL,'2012-03-02 13:31:25','2012-03-02 13:31:25'),
 (453,NULL,'wer',34,34,'2012-03-02 14:21:00','2012-03-02 14:21:00'),
 (454,NULL,'wer',34,34,'2012-03-02 14:22:21','2012-03-02 14:22:21'),
 (455,NULL,'dsa',23,22,'2012-03-02 14:28:30','2012-03-02 14:28:30'),
 (456,467,'wer',12,12,'2012-03-02 14:29:29','2012-03-02 14:29:29'),
 (457,NULL,'asdasdasd',NULL,22,'2012-03-02 14:29:51','2012-03-02 14:29:51'),
 (458,NULL,'asdasdasd',NULL,22,'2012-03-02 14:31:25','2012-03-02 14:31:25'),
 (459,NULL,'asdasdasd',NULL,22,'2012-03-02 14:32:52','2012-03-02 14:32:52'),
 (460,467,'asdasdasd',12,22,'2012-03-02 14:34:21','2012-03-02 14:34:24'),
 (461,NULL,'12',NULL,NULL,'2012-03-03 14:27:50','2012-03-03 14:27:50'),
 (462,NULL,'12',NULL,NULL,'2012-03-03 14:28:15','2012-03-03 14:28:15'),
 (463,564,'12',NULL,NULL,'2012-03-03 14:29:51','2012-03-03 14:29:51'),
 (464,565,'12',NULL,NULL,'2012-03-03 14:30:39','2012-03-03 14:30:39'),
 (465,566,'12',NULL,NULL,'2012-03-03 14:30:52','2012-03-03 14:30:52'),
 (466,567,'qqqqq',112,12,'2012-03-03 14:31:30','2012-03-03 14:31:30'),
 (467,568,'qqqqq',112,12,'2012-03-03 14:31:44','2012-03-03 14:31:44'),
 (468,568,'aaaa',23,22,'2012-03-03 14:31:44','2012-03-03 14:31:44'),
 (469,569,'qqqqq',112,12,'2012-03-03 14:32:24','2012-03-03 14:32:24'),
 (470,569,'aaaa',1,1,'2012-03-03 14:32:24','2012-03-03 14:32:24'),
 (471,569,'dddd',2,2,'2012-03-03 14:32:24','2012-03-03 14:32:24'),
 (472,570,'qqqqq',112,12,'2012-03-03 14:33:31','2012-03-03 14:33:31'),
 (473,571,'qqqqq',112,12,'2012-03-03 14:33:57','2012-03-03 14:33:57'),
 (474,572,'qqqqq',112,12,'2012-03-03 14:34:30','2012-03-03 14:34:30'),
 (475,573,'qqqqq',112,12,'2012-03-03 14:34:56','2012-03-03 14:34:56'),
 (476,574,'qqqqq',112,12,'2012-03-03 14:35:27','2012-03-03 14:35:27'),
 (477,575,'qqqqq',112,12,'2012-03-03 14:35:50','2012-03-03 14:35:50'),
 (478,576,'qqqqq',112,12,'2012-03-03 14:36:12','2012-03-03 14:36:12'),
 (479,577,'qqqqq',112,12,'2012-03-03 14:36:29','2012-03-03 14:36:29'),
 (480,578,'qqqqq',112,12,'2012-03-03 14:36:57','2012-03-03 14:36:57'),
 (481,579,'qqqqq',112,12,'2012-03-03 14:37:22','2012-03-03 14:37:22'),
 (482,580,'qqqqq',112,12,'2012-03-03 14:37:36','2012-03-03 14:37:36'),
 (483,581,'qqqqq',112,12,'2012-03-03 14:38:28','2012-03-03 14:38:28'),
 (484,582,'qqqqq',112,12,'2012-03-03 14:39:14','2012-03-03 14:39:14'),
 (485,583,'qqqqq',112,12,'2012-03-03 14:39:42','2012-03-03 14:39:42'),
 (486,584,'qqqqq',112,12,'2012-03-03 14:40:03','2012-03-03 14:40:03'),
 (487,585,'qqqqq',112,12,'2012-03-03 14:40:24','2012-03-03 14:40:24'),
 (488,586,'qqqqq',112,12,'2012-03-03 14:41:02','2012-03-03 14:41:02'),
 (489,587,'qqqqq',112,12,'2012-03-03 14:42:32','2012-03-03 14:42:32'),
 (490,588,'qqqqq',112,12,'2012-03-03 14:43:10','2012-03-03 14:43:10'),
 (491,589,'qqqqq',112,12,'2012-03-03 14:43:42','2012-03-03 14:43:42'),
 (492,590,'',NULL,NULL,'2012-03-03 14:58:32','2012-03-03 14:58:32'),
 (493,591,'qqqqq',12,12,'2012-03-03 14:59:13','2012-03-03 14:59:13'),
 (494,591,'www',11,11,'2012-03-03 14:59:13','2012-03-03 14:59:13'),
 (495,591,'eee',33,29,'2012-03-03 14:59:13','2012-03-03 14:59:13'),
 (496,592,'qqqqq',12,12,'2012-03-03 14:59:59','2012-03-03 14:59:59'),
 (497,593,'',NULL,NULL,'2012-03-03 15:12:16','2012-03-03 15:12:16'),
 (498,594,'',NULL,NULL,'2012-03-03 15:12:38','2012-03-03 15:12:38'),
 (499,595,'',NULL,NULL,'2012-03-03 15:12:51','2012-03-03 15:12:51'),
 (500,596,'',NULL,NULL,'2012-03-03 15:13:11','2012-03-03 15:13:11'),
 (501,597,'',NULL,NULL,'2012-03-03 15:25:09','2012-03-03 15:25:09'),
 (502,598,'',NULL,NULL,'2012-03-03 15:26:13','2012-03-03 15:26:13'),
 (503,599,'',NULL,NULL,'2012-03-03 15:27:31','2012-03-03 15:27:31'),
 (504,600,'',NULL,NULL,'2012-03-03 15:27:56','2012-03-03 15:27:56'),
 (505,601,'',NULL,NULL,'2012-03-03 15:28:30','2012-03-03 15:28:30'),
 (506,602,'',NULL,NULL,'2012-03-03 15:28:52','2012-03-03 15:28:52'),
 (507,603,'',NULL,NULL,'2012-03-03 15:28:57','2012-03-03 15:28:57'),
 (508,604,'',NULL,NULL,'2012-03-03 15:31:19','2012-03-03 15:31:19'),
 (509,605,'',NULL,NULL,'2012-03-03 15:32:11','2012-03-03 15:32:11'),
 (510,606,'',NULL,NULL,'2012-03-03 15:33:43','2012-03-03 15:33:43'),
 (511,606,'test',12,50,'2012-03-03 15:33:43','2012-03-03 15:33:43'),
 (512,606,'hello',13,20,'2012-03-03 15:33:43','2012-03-03 15:33:43'),
 (513,606,'asdasdasd',14,22,'2012-03-03 15:33:43','2012-03-03 15:33:43'),
 (514,607,'qqqq',11,30,'2012-03-03 15:36:11','2012-03-03 15:36:11'),
 (515,607,'test',12,50,'2012-03-03 15:36:11','2012-03-03 15:36:11'),
 (516,608,'apple',10,100,'2012-03-03 15:45:05','2012-03-03 15:45:05'),
 (517,608,'test',20,50,'2012-03-03 15:45:05','2012-03-03 15:45:05'),
 (518,609,'orange',10,12,'2012-03-03 16:37:12','2012-03-03 16:37:12'),
 (519,609,'test',12,50,'2012-03-03 16:37:12','2012-03-03 16:37:12'),
 (520,610,'',NULL,NULL,'2012-03-03 16:40:02','2012-03-03 16:40:02'),
 (521,610,'helloa',NULL,201,'2012-03-03 16:40:03','2012-03-03 16:40:03'),
 (522,611,'',NULL,NULL,'2012-03-03 16:40:25','2012-03-03 16:40:25'),
 (523,611,'helloa',NULL,201,'2012-03-03 16:40:25','2012-03-03 16:40:25'),
 (524,NULL,'',NULL,NULL,'2012-03-03 16:41:38','2012-03-03 16:41:38'),
 (525,NULL,'helloa',NULL,201,'2012-03-03 16:41:38','2012-03-03 16:41:38'),
 (526,612,'lineitem1',1,189,'2012-03-03 16:50:42','2012-03-03 16:50:42'),
 (527,612,'lineitem2',4,4,'2012-03-03 16:50:42','2012-03-03 16:50:42'),
 (528,613,'',NULL,NULL,'2012-03-03 16:53:00','2012-03-03 16:53:00'),
 (529,614,'',NULL,NULL,'2012-03-03 16:53:22','2012-03-03 16:53:22'),
 (530,615,'',NULL,NULL,'2012-03-03 16:53:28','2012-03-03 16:53:28'),
 (531,615,'test',3,50,'2012-03-03 16:53:29','2012-03-03 16:53:29'),
 (532,NULL,'helloa',NULL,201,'2012-03-04 13:54:22','2012-03-04 13:54:22'),
 (533,NULL,'helloa',NULL,201,'2012-03-04 13:54:24','2012-03-04 13:54:24'),
 (534,NULL,'test',NULL,50,'2012-03-04 15:01:36','2012-03-04 15:01:36'),
 (535,NULL,'helloa',NULL,201,'2012-03-04 15:34:38','2012-03-04 15:34:38'),
 (536,NULL,'test',NULL,50,'2012-03-04 17:50:58','2012-03-04 17:50:58'),
 (537,NULL,'mobile',NULL,4499,'2012-03-05 11:39:24','2012-03-05 11:39:24'),
 (538,NULL,'test',NULL,50,'2012-03-05 12:03:37','2012-03-05 12:03:37'),
 (539,NULL,'test',NULL,50,'2012-03-05 12:03:37','2012-03-05 12:03:37'),
 (540,NULL,'mobile',NULL,4499,'2012-03-05 12:05:58','2012-03-05 12:05:58'),
 (541,NULL,'test',NULL,50,'2012-03-05 12:06:35','2012-03-05 12:06:35'),
 (542,NULL,'test',NULL,50,'2012-03-05 12:07:24','2012-03-05 12:07:24'),
 (543,NULL,'mobile',NULL,4499,'2012-03-05 12:08:36','2012-03-05 12:08:36'),
 (544,NULL,'asdasdasd',12,NULL,'2012-03-05 16:23:45','2012-03-05 16:23:45'),
 (545,NULL,'',NULL,NULL,'2012-03-05 16:24:16','2012-03-05 16:24:16'),
 (546,NULL,'',NULL,NULL,'2012-03-05 16:24:33','2012-03-05 16:24:33'),
 (547,NULL,'',NULL,NULL,'2012-03-05 16:25:39','2012-03-05 16:25:39'),
 (548,NULL,'mobile',2,NULL,'2012-03-05 17:12:54','2012-03-05 17:12:54'),
 (549,NULL,'mobile',3,NULL,'2012-03-05 17:15:37','2012-03-05 17:15:37'),
 (550,NULL,'hello',NULL,NULL,'2012-03-05 17:17:48','2012-03-05 17:17:48'),
 (551,NULL,'test',10,NULL,'2012-03-05 17:31:11','2012-03-05 17:31:11'),
 (552,NULL,'test',10,NULL,'2012-03-05 17:31:58','2012-03-05 17:31:58'),
 (553,NULL,'test',10,NULL,'2012-03-05 17:32:41','2012-03-05 17:32:41'),
 (554,NULL,'asdasdasd',NULL,NULL,'2012-03-05 17:35:53','2012-03-05 17:35:53'),
 (555,NULL,'asdasdasd',NULL,NULL,'2012-03-05 17:35:57','2012-03-05 17:35:57'),
 (556,NULL,'asdasdasd',NULL,NULL,'2012-03-05 17:35:57','2012-03-05 17:35:57'),
 (557,NULL,'mobile',3,NULL,'2012-03-05 19:56:48','2012-03-05 19:56:48'),
 (558,NULL,'asdasdasd',5,22,'2012-03-05 19:57:52','2012-03-05 19:57:52'),
 (559,NULL,'',NULL,NULL,'2012-03-05 20:18:34','2012-03-05 20:18:34'),
 (560,NULL,'asdasdasd',12,22,'2012-03-05 20:18:52','2012-03-05 20:18:52'),
 (561,NULL,'test',4,50,'2012-03-05 20:47:41','2012-03-05 20:47:41'),
 (562,NULL,'asdasdasd',3,22,'2012-03-05 20:48:19','2012-03-05 20:48:19'),
 (563,NULL,'mobile',2,4499,'2012-03-05 20:49:18','2012-03-05 20:49:18'),
 (564,NULL,'test',5,50,'2012-03-05 20:49:52','2012-03-05 20:49:52'),
 (565,NULL,'mobile',3,4499,'2012-03-05 20:50:07','2012-03-05 20:50:07'),
 (566,NULL,'hello',2,20,'2012-03-05 20:50:19','2012-03-05 20:50:19'),
 (567,NULL,'vegetable',12,50,'2012-03-05 20:50:54','2012-03-05 20:50:54'),
 (568,NULL,'mobile',3,4499,'2012-03-05 20:51:36','2012-03-05 20:51:36'),
 (569,NULL,'aaa',12,30,'2012-03-05 20:51:50','2012-03-05 20:51:50'),
 (570,NULL,'mobile',1,4499,'2012-03-05 20:53:59','2012-03-05 20:53:59'),
 (571,NULL,'mobile',1,4499,'2012-03-05 20:54:26','2012-03-05 20:54:26'),
 (572,NULL,'mobile',12,4499,'2012-03-05 20:54:38','2012-03-05 20:54:38'),
 (573,NULL,'mobile',4,4499,'2012-03-05 20:55:05','2012-03-05 20:55:05'),
 (574,NULL,'test',4,50,'2012-03-05 20:55:14','2012-03-05 20:55:14'),
 (575,NULL,'bag',12,12,'2012-03-05 20:55:29','2012-03-05 20:55:29'),
 (576,NULL,'asdasdasd',12,22,'2012-03-05 21:16:22','2012-03-05 21:16:22'),
 (577,NULL,'mobile',1,4499,'2012-03-05 21:16:34','2012-03-05 21:16:34'),
 (578,NULL,'aaaa',5,400,'2012-03-05 21:16:51','2012-03-05 21:16:51'),
 (579,NULL,'',NULL,NULL,'2012-03-06 10:45:58','2012-03-06 10:45:58'),
 (580,NULL,'test',12,50,'2012-03-06 10:46:36','2012-03-06 10:46:36'),
 (581,NULL,'bag',12,400,'2012-03-06 10:50:02','2012-03-06 10:50:02'),
 (582,NULL,'mobile',12,4499,'2012-03-06 10:53:16','2012-03-06 10:53:16'),
 (583,NULL,'bag',12,40,'2012-03-06 10:53:40','2012-03-06 10:53:40'),
 (584,NULL,'test',12,50,'2012-03-06 10:54:02','2012-03-06 10:54:02'),
 (585,NULL,'pen',50,8,'2012-03-06 10:54:37','2012-03-06 10:54:37'),
 (586,NULL,'mobile',89,4499,'2012-03-06 10:57:14','2012-03-06 10:57:14'),
 (587,NULL,'mobile',89,4499,'2012-03-06 10:57:25','2012-03-06 10:57:25'),
 (588,NULL,'mobile',30,4499,'2012-03-06 10:57:42','2012-03-06 10:57:42'),
 (589,NULL,'mobile',30,4499,'2012-03-06 10:58:10','2012-03-06 10:58:10'),
 (590,NULL,'mobile',30,60,'2012-03-06 10:58:31','2012-03-06 10:58:31'),
 (591,NULL,'mobile',50,4499,'2012-03-06 10:58:51','2012-03-06 10:58:51'),
 (592,NULL,'lap',50,20,'2012-03-06 10:59:22','2012-03-06 10:59:22'),
 (593,NULL,'hello',34,20,'2012-03-06 10:59:43','2012-03-06 10:59:43'),
 (594,NULL,'keyboard',120,450,'2012-03-06 11:00:15','2012-03-06 11:00:15'),
 (595,NULL,'keyboard',120,450,'2012-03-06 11:00:26','2012-03-06 11:00:26'),
 (596,NULL,'key_board',19,200,'2012-03-06 11:01:04','2012-03-06 11:01:04'),
 (597,NULL,'key_board',19,200,'2012-03-06 11:06:30','2012-03-06 11:06:30'),
 (598,NULL,'mobile',12,4499,'2012-03-06 11:10:50','2012-03-06 11:10:50'),
 (599,NULL,'shirt',3,1000,'2012-03-06 11:11:13','2012-03-06 11:11:13'),
 (600,NULL,'jeans',2,1300,'2012-03-06 11:11:36','2012-03-06 11:11:36'),
 (601,NULL,'watch',1,1800,'2012-03-06 11:11:55','2012-03-06 11:11:55'),
 (602,NULL,'shoe',1,2000,'2012-03-06 11:12:14','2012-03-06 11:12:14'),
 (603,NULL,'purse',1,300,'2012-03-06 11:13:48','2012-03-06 11:13:48'),
 (604,NULL,'test',45,50,'2012-03-06 11:15:17','2012-03-06 11:15:17'),
 (605,NULL,'pant',50,20,'2012-03-06 11:15:53','2012-03-06 11:15:53'),
 (606,NULL,'laptop',4,12000,'2012-03-06 11:16:17','2012-03-06 11:16:17'),
 (607,NULL,'samsung_headset',12,100,'2012-03-06 11:17:23','2012-03-06 11:17:23'),
 (608,NULL,'levis',45,450,'2012-03-06 11:17:54','2012-03-06 11:17:54'),
 (609,NULL,'mobile',14,4499,'2012-03-06 11:31:43','2012-03-06 11:31:43'),
 (610,NULL,'test',34,50,'2012-03-06 11:31:57','2012-03-06 11:31:57'),
 (611,NULL,'mobile',12,4499,'2012-03-06 11:32:23','2012-03-06 11:32:23'),
 (612,NULL,'mobile',45,4499,'2012-03-06 11:33:04','2012-03-06 11:33:04'),
 (613,NULL,'mobile',123,4499,'2012-03-06 11:33:46','2012-03-06 11:33:46'),
 (614,NULL,'mobile',24,4499,'2012-03-06 11:34:21','2012-03-06 11:34:21'),
 (615,NULL,'mobile',12,4499,'2012-03-06 11:36:14','2012-03-06 11:36:14'),
 (616,NULL,'book',2,40,'2012-03-06 11:36:34','2012-03-06 11:36:34'),
 (617,NULL,'asdasdasd',60,22,'2012-03-06 11:36:47','2012-03-06 11:36:47'),
 (618,NULL,'mobile',13,4499,'2012-03-06 11:42:59','2012-03-06 11:42:59'),
 (619,NULL,'Bag',20,200,'2012-03-06 11:43:18','2012-03-06 11:43:18'),
 (620,NULL,'test',50,50,'2012-03-06 11:43:32','2012-03-06 11:43:32'),
 (621,NULL,'pen',12,50,'2012-03-06 11:44:01','2012-03-06 11:44:01'),
 (622,NULL,'mobile',45,4499,'2012-03-06 11:45:25','2012-03-06 11:45:25'),
 (623,NULL,'test',7,50,'2012-03-06 11:45:38','2012-03-06 11:45:38'),
 (624,NULL,'bag',50,500,'2012-03-06 11:45:54','2012-03-06 11:45:54'),
 (625,NULL,'mobile',12,4499,'2012-03-06 11:48:38','2012-03-06 11:48:38'),
 (626,NULL,'test',45,50,'2012-03-06 11:48:48','2012-03-06 11:48:48'),
 (627,NULL,'bag',10,200,'2012-03-06 11:49:07','2012-03-06 11:49:07'),
 (628,NULL,'mobile',40,4499,'2012-03-06 11:50:32','2012-03-06 11:50:32'),
 (629,NULL,'test',60,50,'2012-03-06 11:50:41','2012-03-06 11:50:41'),
 (630,NULL,'bag',5,400,'2012-03-06 11:51:01','2012-03-06 11:51:01'),
 (631,NULL,'mobile',12,4499,'2012-03-06 11:52:25','2012-03-06 11:52:25'),
 (632,NULL,'test',5,50,'2012-03-06 11:52:37','2012-03-06 11:52:37'),
 (633,NULL,'bag',5,400,'2012-03-06 11:52:55','2012-03-06 11:52:55'),
 (634,NULL,'mobile',123,4499,'2012-03-06 12:43:09','2012-03-06 12:43:09'),
 (635,NULL,'test',34,50,'2012-03-06 12:43:45','2012-03-06 12:43:45'),
 (636,NULL,'test',2,50,'2012-03-06 12:44:15','2012-03-06 12:44:15'),
 (637,633,'test',3,50,'2012-03-06 12:58:34','2012-03-06 13:00:32'),
 (638,633,'mobile',2,4499,'2012-03-06 12:58:42','2012-03-06 13:00:32'),
 (639,633,'hello',3,20,'2012-03-06 12:58:53','2012-03-06 13:00:32'),
 (640,633,'test',3,50,'2012-03-06 13:00:05','2012-03-06 13:00:32'),
 (641,633,'hello',5,20,'2012-03-06 13:00:14','2012-03-06 13:00:32'),
 (642,633,'mobile',4,4499,'2012-03-06 13:00:24','2012-03-06 13:00:33'),
 (643,634,'test',5,50,'2012-03-06 13:02:36','2012-03-06 13:02:58'),
 (644,634,'hello',9,20,'2012-03-06 13:02:46','2012-03-06 13:02:58'),
 (645,634,'mobile',3,4499,'2012-03-06 13:02:55','2012-03-06 13:02:59'),
 (646,635,'mobile',23,4499,'2012-03-06 13:05:21','2012-03-06 13:06:00'),
 (647,635,'test',30,50,'2012-03-06 13:05:33','2012-03-06 13:06:00'),
 (648,635,'pen',42,20,'2012-03-06 13:05:48','2012-03-06 13:06:00'),
 (649,NULL,'mobile',23,4499,'2012-03-06 13:06:44','2012-03-06 13:06:44'),
 (650,NULL,'bag',309,200,'2012-03-06 13:06:59','2012-03-06 13:06:59'),
 (651,NULL,'mobile',123,4499,'2012-03-06 13:07:46','2012-03-06 13:07:46'),
 (652,NULL,'test',30,50,'2012-03-06 13:08:06','2012-03-06 13:08:06'),
 (653,NULL,'test',34,50,'2012-03-06 13:30:26','2012-03-06 13:30:26'),
 (654,NULL,'test',34,50,'2012-03-06 13:30:37','2012-03-06 13:30:37'),
 (655,NULL,'test',34,50,'2012-03-06 13:31:51','2012-03-06 13:31:51'),
 (656,NULL,'test',34,50,'2012-03-06 13:31:54','2012-03-06 13:31:54'),
 (657,NULL,'mobile',10,4499,'2012-03-06 13:34:20','2012-03-06 13:34:20'),
 (658,636,'mobile',2,4499,'2012-03-06 13:37:30','2012-03-06 14:01:59'),
 (659,636,'mobile',30,4499,'2012-03-06 13:44:06','2012-03-06 14:01:59'),
 (660,636,'mobile',30,4499,'2012-03-06 13:44:52','2012-03-06 14:01:59'),
 (661,636,'mobile',5,4499,'2012-03-06 13:46:05','2012-03-06 14:01:59'),
 (662,636,'asdasdasd',6,22,'2012-03-06 13:46:15','2012-03-06 14:01:59'),
 (663,636,'test',62,50,'2012-03-06 13:46:25','2012-03-06 14:02:00'),
 (664,636,'mobile',40,4499,'2012-03-06 13:48:13','2012-03-06 14:02:00'),
 (665,636,'test',60,50,'2012-03-06 13:48:23','2012-03-06 14:02:00'),
 (666,636,'test',222,50,'2012-03-06 13:50:47','2012-03-06 14:02:00'),
 (667,636,'test',2,50,'2012-03-06 14:01:29','2012-03-06 14:02:00'),
 (668,637,'mobile',3,4499,'2012-03-06 14:02:24','2012-03-06 14:12:42'),
 (669,637,'test',3,50,'2012-03-06 14:02:37','2012-03-06 14:12:42'),
 (670,NULL,NULL,NULL,NULL,'2012-03-06 14:05:28','2012-03-06 14:05:28'),
 (671,NULL,NULL,NULL,NULL,'2012-03-06 14:05:53','2012-03-06 14:05:53'),
 (672,NULL,NULL,NULL,NULL,'2012-03-06 14:06:11','2012-03-06 14:06:11'),
 (673,NULL,NULL,NULL,NULL,'2012-03-06 14:06:32','2012-03-06 14:06:32'),
 (674,NULL,NULL,NULL,NULL,'2012-03-06 14:06:44','2012-03-06 14:06:44'),
 (675,NULL,'mobile',3,4499,'2012-03-06 14:13:58','2012-03-06 14:13:58'),
 (676,NULL,'bag',10,200,'2012-03-06 14:14:17','2012-03-06 14:14:17'),
 (677,NULL,'mobile',6,4499,'2012-03-06 14:20:03','2012-03-06 14:20:03'),
 (678,NULL,NULL,NULL,NULL,'2012-03-06 14:45:42','2012-03-06 14:45:42'),
 (679,NULL,NULL,NULL,NULL,'2012-03-06 14:45:51','2012-03-06 14:45:51'),
 (680,NULL,'mobile',NULL,4499,'2012-03-06 15:04:12','2012-03-06 15:04:12'),
 (681,NULL,'mobile',NULL,4499,'2012-03-06 15:05:41','2012-03-06 15:05:41'),
 (682,NULL,'mobile',NULL,4499,'2012-03-06 15:10:32','2012-03-06 15:10:32'),
 (683,NULL,'mobile',NULL,4499,'2012-03-06 15:14:39','2012-03-06 15:14:39'),
 (684,NULL,'mobile',NULL,4499,'2012-03-06 15:15:33','2012-03-06 15:15:33'),
 (685,NULL,'mobile',NULL,4499,'2012-03-06 15:16:27','2012-03-06 15:16:27'),
 (686,NULL,'mobile',NULL,4499,'2012-03-06 15:17:29','2012-03-06 15:17:29'),
 (687,NULL,'mobile',NULL,4499,'2012-03-06 15:18:08','2012-03-06 15:18:08'),
 (688,NULL,'mobile',NULL,4499,'2012-03-06 15:20:20','2012-03-06 15:20:20'),
 (689,NULL,'mobile',NULL,4499,'2012-03-06 15:20:56','2012-03-06 15:20:56'),
 (690,NULL,'mobile',NULL,4499,'2012-03-06 15:21:51','2012-03-06 15:21:51'),
 (691,NULL,'mobile',NULL,4499,'2012-03-06 15:25:12','2012-03-06 15:25:12'),
 (692,NULL,'mobile',NULL,4499,'2012-03-06 15:28:00','2012-03-06 15:28:00'),
 (693,NULL,'mobile',NULL,4499,'2012-03-06 15:29:31','2012-03-06 15:29:31'),
 (694,NULL,'test',NULL,50,'2012-03-06 15:31:49','2012-03-06 15:31:49'),
 (695,NULL,'test',NULL,50,'2012-03-06 15:33:15','2012-03-06 15:33:15'),
 (696,NULL,NULL,NULL,NULL,'2012-03-06 15:41:12','2012-03-06 15:41:12'),
 (697,NULL,'test',12,50,'2012-03-06 15:48:00','2012-03-06 15:48:00'),
 (698,NULL,'test',12,50,'2012-03-06 15:51:42','2012-03-06 15:51:42'),
 (699,NULL,'mobile',5,4499,'2012-03-06 15:52:35','2012-03-06 15:52:35'),
 (700,NULL,'test',12,50,'2012-03-06 16:31:35','2012-03-06 16:31:35'),
 (701,NULL,'mobile',2,4499,'2012-03-06 16:31:46','2012-03-06 16:31:46'),
 (702,NULL,'mobile',2,4499,'2012-03-06 16:53:07','2012-03-06 16:53:07'),
 (703,NULL,'mobile',2,4499,'2012-03-06 16:54:22','2012-03-06 16:54:22'),
 (704,NULL,'test',25,50,'2012-03-06 16:55:26','2012-03-06 16:55:26'),
 (705,650,'mobile',2,4499,'2012-03-06 17:02:38','2012-03-06 17:18:48'),
 (706,650,'test',5,50,'2012-03-06 17:02:51','2012-03-06 17:18:48'),
 (707,650,'mobile',2,4499,'2012-03-06 17:04:26','2012-03-06 17:18:48'),
 (708,650,'Bag ',3,400,'2012-03-06 17:04:49','2012-03-06 17:18:48'),
 (709,651,'key_borad',50,300,'2012-03-06 17:19:57','2012-03-06 17:20:41'),
 (710,651,'bag',8,500,'2012-03-06 17:20:17','2012-03-06 17:20:41'),
 (711,651,'pen',87,20,'2012-03-06 17:20:37','2012-03-06 17:20:41'),
 (712,NULL,'mobile',21,4499,'2012-03-06 17:50:27','2012-03-06 17:50:27'),
 (713,NULL,'mobile',NULL,4499,'2012-03-06 17:51:58','2012-03-06 17:51:58'),
 (714,NULL,'test',5,50,'2012-03-06 17:53:12','2012-03-06 17:53:12'),
 (715,652,'hello',30,20,'2012-03-06 17:56:12','2012-03-06 17:57:15'),
 (716,652,'vegetable',15,30,'2012-03-06 17:56:38','2012-03-06 17:57:15'),
 (717,652,'apple',4,100,'2012-03-06 17:57:07','2012-03-06 17:57:15'),
 (718,NULL,'mobile',2,4499,'2012-03-06 18:07:16','2012-03-06 18:07:16'),
 (719,NULL,'mobile',NULL,4499,'2012-03-06 18:12:44','2012-03-06 18:12:44'),
 (720,653,'mobile',4,4499,'2012-03-06 18:16:13','2012-03-06 18:17:05'),
 (721,653,'hello',40,20,'2012-03-06 18:16:53','2012-03-06 18:17:05'),
 (722,NULL,'mobile',12,4499,'2012-03-06 19:21:23','2012-03-06 19:21:23'),
 (723,661,'mobile',3,4499,'2012-03-06 19:24:02','2012-03-06 19:24:07'),
 (724,662,'motorcar',1,1800,'2012-03-06 19:25:00','2012-03-06 19:25:14'),
 (725,663,'mobile',133,4499,'2012-03-06 21:03:30','2012-03-06 21:03:43'),
 (726,665,'mobile',12,4499,'2012-03-06 21:04:45','2012-03-06 21:04:55'),
 (727,666,'',NULL,NULL,'2012-03-06 22:04:32','2012-03-06 22:11:01'),
 (728,666,'',NULL,NULL,'2012-03-06 22:04:41','2012-03-06 22:11:01'),
 (729,666,'',NULL,NULL,'2012-03-06 22:04:51','2012-03-06 22:11:01'),
 (730,NULL,'',NULL,NULL,'2012-03-06 22:11:19','2012-03-06 22:11:19'),
 (731,NULL,'',NULL,NULL,'2012-03-06 22:17:35','2012-03-06 22:17:35'),
 (732,NULL,'',NULL,NULL,'2012-03-06 22:17:43','2012-03-06 22:17:43'),
 (733,NULL,'',NULL,NULL,'2012-03-06 22:18:25','2012-03-06 22:18:25'),
 (734,NULL,'',NULL,NULL,'2012-03-06 22:18:31','2012-03-06 22:18:31'),
 (735,NULL,'',NULL,NULL,'2012-03-06 22:19:13','2012-03-06 22:19:13'),
 (736,NULL,'',NULL,NULL,'2012-03-06 22:21:22','2012-03-06 22:21:22'),
 (737,NULL,'',NULL,NULL,'2012-03-06 22:21:42','2012-03-06 22:21:42'),
 (738,NULL,'',NULL,NULL,'2012-03-06 22:22:03','2012-03-06 22:22:03'),
 (739,NULL,'',NULL,NULL,'2012-03-06 22:24:15','2012-03-06 22:24:15'),
 (740,NULL,'',NULL,NULL,'2012-03-06 22:24:27','2012-03-06 22:24:27'),
 (741,NULL,'',NULL,NULL,'2012-03-06 22:26:06','2012-03-06 22:26:06'),
 (742,NULL,'',NULL,NULL,'2012-03-06 22:29:03','2012-03-06 22:29:03'),
 (743,NULL,'',NULL,NULL,'2012-03-06 22:29:23','2012-03-06 22:29:23'),
 (744,NULL,'',NULL,NULL,'2012-03-06 22:31:32','2012-03-06 22:31:32'),
 (745,NULL,'tttt',66,656,'2012-03-06 22:41:47','2012-03-06 22:41:47');
UNLOCK TABLES;
/*!40000 ALTER TABLE `line_items` ENABLE KEYS */;


--
-- Definition of table `biller_dev`.`organizations`
--

DROP TABLE IF EXISTS `biller_dev`.`organizations`;
CREATE TABLE  `biller_dev`.`organizations` (
  `id` int(11) NOT NULL AUTO_INCREMENT,
  `name` varchar(255) COLLATE utf8_unicode_ci DEFAULT NULL,
  `created_at` datetime DEFAULT NULL,
  `updated_at` datetime DEFAULT NULL,
  PRIMARY KEY (`id`)
) ENGINE=InnoDB AUTO_INCREMENT=13 DEFAULT CHARSET=utf8 COLLATE=utf8_unicode_ci;

--
-- Dumping data for table `biller_dev`.`organizations`
--

/*!40000 ALTER TABLE `organizations` DISABLE KEYS */;
LOCK TABLES `organizations` WRITE;
INSERT INTO `biller_dev`.`organizations` VALUES  (2,'helloaaaaasdsad','2012-01-28 14:22:52','2012-01-28 16:33:06'),
 (3,NULL,'2012-01-28 14:23:58','2012-01-28 14:23:58'),
 (4,NULL,'2012-01-28 14:25:51','2012-01-28 14:25:51'),
 (5,'name00000000000000','2012-01-28 14:26:43','2012-01-28 14:26:43'),
 (6,'name000000','2012-01-28 14:28:20','2012-01-28 14:28:20'),
 (7,'faststream','2012-02-23 10:04:50','2012-02-23 10:04:50'),
 (8,'faststream','2012-02-23 11:23:08','2012-02-23 11:23:08'),
 (9,'faststream','2012-02-23 12:35:41','2012-02-23 12:35:41'),
 (10,'faststream','2012-02-23 14:30:10','2012-02-23 14:30:10'),
 (11,'test12','2012-02-24 10:09:27','2012-02-24 10:09:27'),
 (12,'faststream','2012-02-25 07:31:42','2012-02-25 07:31:42');
UNLOCK TABLES;
/*!40000 ALTER TABLE `organizations` ENABLE KEYS */;


--
-- Definition of table `biller_dev`.`product_contexts`
--

DROP TABLE IF EXISTS `biller_dev`.`product_contexts`;
CREATE TABLE  `biller_dev`.`product_contexts` (
  `id` int(11) NOT NULL AUTO_INCREMENT,
  `product_id` int(11) DEFAULT NULL,
  `product_type` varchar(255) COLLATE utf8_unicode_ci DEFAULT NULL,
  `parent_id` int(11) DEFAULT NULL,
  `lft` int(11) DEFAULT NULL,
  `rgt` int(11) DEFAULT NULL,
  `unit_price` float DEFAULT NULL,
  `parameters` text COLLATE utf8_unicode_ci,
  `created_at` datetime DEFAULT NULL,
  `updated_at` datetime DEFAULT NULL,
  PRIMARY KEY (`id`)
) ENGINE=InnoDB DEFAULT CHARSET=utf8 COLLATE=utf8_unicode_ci;

--
-- Dumping data for table `biller_dev`.`product_contexts`
--

/*!40000 ALTER TABLE `product_contexts` DISABLE KEYS */;
LOCK TABLES `product_contexts` WRITE;
UNLOCK TABLES;
/*!40000 ALTER TABLE `product_contexts` ENABLE KEYS */;


--
-- Definition of table `biller_dev`.`products`
--

DROP TABLE IF EXISTS `biller_dev`.`products`;
CREATE TABLE  `biller_dev`.`products` (
  `id` int(11) NOT NULL AUTO_INCREMENT,
  `organization_id` int(11) DEFAULT NULL,
  `name` varchar(255) COLLATE utf8_unicode_ci DEFAULT NULL,
  `unit_price` float DEFAULT NULL,
  `created_at` datetime DEFAULT NULL,
  `updated_at` datetime DEFAULT NULL,
  `user_id` int(11) DEFAULT NULL,
  `key` varchar(100) COLLATE utf8_unicode_ci NOT NULL DEFAULT '',
  `description` text COLLATE utf8_unicode_ci,
  PRIMARY KEY (`id`)
) ENGINE=InnoDB AUTO_INCREMENT=32 DEFAULT CHARSET=utf8 COLLATE=utf8_unicode_ci;

--
-- Dumping data for table `biller_dev`.`products`
--

/*!40000 ALTER TABLE `products` DISABLE KEYS */;
LOCK TABLES `products` WRITE;
INSERT INTO `biller_dev`.`products` VALUES  (1,NULL,'test',50,'2012-01-17 10:23:43','2012-01-23 12:13:51',NULL,'40','test'),
 (2,NULL,'hello',20,'2012-01-17 13:33:08','2012-01-23 12:14:06',NULL,'80','testing 2'),
 (20,NULL,'hi',5,'2012-01-23 16:46:58','2012-01-23 16:46:58',1,'24','asdasdsad'),
 (21,2,'asdasdas',3232,'2012-02-10 11:41:57','2012-02-10 11:41:57',NULL,'112313','adadasd'),
 (22,2,'asdasdasd',22,'2012-02-10 11:46:55','2012-02-10 11:46:55',NULL,'45','asasdadadsad'),
 (23,8,'apple',25,'2012-02-23 11:24:15','2012-02-23 11:24:15',NULL,'12345678','friutes'),
 (24,10,'fruits',25,'2012-02-23 14:31:41','2012-02-23 14:31:41',NULL,'dsfjkdhskjfhskj','fgfysadfgsdhbf'),
 (25,7,'app12',34,'2012-02-24 09:11:51','2012-02-24 09:11:58',NULL,'33443','bfbfgbbgfbfb'),
 (26,7,'vegatabkle',23,'2012-02-24 09:13:06','2012-02-24 09:13:06',NULL,'123131','sdsadsd'),
 (27,11,'app12',3,'2012-02-24 10:43:38','2012-02-24 10:43:38',NULL,'rt','rtr'),
 (28,7,'amit',2,'2012-02-24 12:36:48','2012-02-24 12:36:48',6,'fgdfg35345','ththtrhtrhr'),
 (29,12,'mobile',4499,'2012-02-26 16:17:13','2012-02-26 16:17:13',11,'123','test'),
 (30,7,'tomato',7,'2012-02-27 06:00:47','2012-02-27 06:00:47',6,'1234566','vegatable'),
 (31,12,'bike',50000,'2012-02-27 15:18:58','2012-02-27 15:18:58',11,'2424234324','daasgfdhsgvcdahsdcyahtf');
UNLOCK TABLES;
/*!40000 ALTER TABLE `products` ENABLE KEYS */;


--
-- Definition of table `biller_dev`.`schema_migrations`
--

DROP TABLE IF EXISTS `biller_dev`.`schema_migrations`;
CREATE TABLE  `biller_dev`.`schema_migrations` (
  `version` varchar(255) COLLATE utf8_unicode_ci NOT NULL,
  UNIQUE KEY `unique_schema_migrations` (`version`)
) ENGINE=InnoDB DEFAULT CHARSET=utf8 COLLATE=utf8_unicode_ci;

--
-- Dumping data for table `biller_dev`.`schema_migrations`
--

/*!40000 ALTER TABLE `schema_migrations` DISABLE KEYS */;
LOCK TABLES `schema_migrations` WRITE;
INSERT INTO `biller_dev`.`schema_migrations` VALUES  ('20111212053101'),
 ('20111212054434'),
 ('20120113134548'),
 ('20120116165704'),
 ('20120117130101'),
 ('20120119103511'),
 ('20120119143126'),
 ('20120126093951'),
 ('20120128133621'),
 ('20120214105944'),
 ('20120226063147'),
 ('20120303110451'),
 ('20120303113538');
UNLOCK TABLES;
/*!40000 ALTER TABLE `schema_migrations` ENABLE KEYS */;


--
-- Definition of table `biller_dev`.`users`
--

DROP TABLE IF EXISTS `biller_dev`.`users`;
CREATE TABLE  `biller_dev`.`users` (
  `id` int(11) NOT NULL AUTO_INCREMENT,
  `organization_id` int(11) DEFAULT NULL,
  `display_name` varchar(255) COLLATE utf8_unicode_ci DEFAULT NULL,
  `created_at` datetime DEFAULT NULL,
  `updated_at` datetime DEFAULT NULL,
  `email` varchar(255) COLLATE utf8_unicode_ci NOT NULL DEFAULT '',
  `encrypted_password` varchar(128) COLLATE utf8_unicode_ci NOT NULL DEFAULT '',
  `reset_password_token` varchar(255) COLLATE utf8_unicode_ci DEFAULT NULL,
  `reset_password_sent_at` datetime DEFAULT NULL,
  `remember_created_at` datetime DEFAULT NULL,
  `sign_in_count` int(11) DEFAULT '0',
  `current_sign_in_at` datetime DEFAULT NULL,
  `last_sign_in_at` datetime DEFAULT NULL,
  `current_sign_in_ip` varchar(255) COLLATE utf8_unicode_ci DEFAULT NULL,
  `last_sign_in_ip` varchar(255) COLLATE utf8_unicode_ci DEFAULT NULL,
  `first_name` varchar(255) COLLATE utf8_unicode_ci DEFAULT NULL,
  `last_name` varchar(255) COLLATE utf8_unicode_ci DEFAULT NULL,
  PRIMARY KEY (`id`),
  UNIQUE KEY `index_users_on_email` (`email`),
  UNIQUE KEY `index_users_on_reset_password_token` (`reset_password_token`)
) ENGINE=InnoDB AUTO_INCREMENT=12 DEFAULT CHARSET=utf8 COLLATE=utf8_unicode_ci;

--
-- Dumping data for table `biller_dev`.`users`
--

/*!40000 ALTER TABLE `users` DISABLE KEYS */;
LOCK TABLES `users` WRITE;
INSERT INTO `biller_dev`.`users` VALUES  (1,2,'gasaa','2012-01-17 10:56:44','2012-02-17 16:35:33','test@test.com','$2a$10$h5k87duzE6UVpSTLAKjzlefLZsh93j3uTZiGdbCjntWTaLtoE7foa',NULL,NULL,NULL,26,'2012-02-17 16:35:33','2012-02-16 13:01:07','127.0.0.1','127.0.0.1','testasas','testasas'),
 (2,2,NULL,'2012-01-24 13:21:53','2012-01-24 13:24:38','anand@faststream-tech.com','$2a$10$6yMDtQ//u9YBo.t99J5kv.emTB5dFnYqD5YCIabtioig6QaexciOi','qdsqpK1QVqNMAdvxQU73','2012-01-24 13:24:38',NULL,2,'2012-01-24 13:22:13','2012-01-24 13:21:54','127.0.0.1','127.0.0.1',NULL,NULL),
 (3,4,'cxcx','2012-01-28 15:07:51','2012-01-28 15:10:40','abc@eg.com','$2a$10$lBOVh/tkhwpu3c79qdvqt.a1iv0aOuFu/kFPG09h.PbSvZzOzuk26',NULL,NULL,NULL,1,'2012-01-28 15:07:51','2012-01-28 15:07:51','127.0.0.1','127.0.0.1','cxcx','xcxc'),
 (4,2,'prashant Mash','2012-02-15 11:50:40','2012-02-15 11:50:40','pasan@koosan.com','$2a$10$BVrLXbMa5HYEjAVGaYIBVuICxuhBzpDdmntTM2NKYisqGbLaYRTLG',NULL,NULL,NULL,0,NULL,NULL,NULL,NULL,NULL,NULL),
 (5,4,'praashant Mash','2012-02-15 11:51:45','2012-02-15 11:51:45','pasanoi@koosan.com','$2a$10$BaN3vJ0ED.1WIKfEsoPrT.j5AqmS27aGpajrSi/bpvx0ZTsBwsw9m',NULL,NULL,NULL,0,NULL,NULL,NULL,NULL,NULL,NULL),
 (6,7,'swathi','2012-02-23 10:04:50','2012-03-07 09:59:17','swathihk@faststream-tech.com','$2a$10$k0kPoSbVLN2GFnizxNjKfOH/9zW6PzNmzwhATSzNibcFM48.51gXa','y5fNidXSgc6BgwdBcdqU','2012-02-25 05:54:50',NULL,76,'2012-03-07 09:59:17','2012-03-06 19:27:39','127.0.0.1','127.0.0.1',NULL,NULL),
 (7,8,'swathihk','2012-02-23 11:23:08','2012-03-03 08:01:43','swathi@faststream-tech.com','$2a$10$TVZSLIOYRNeAen47JpnLle/DxVshP7oF55nVEcXfJVayISpJrMr8K',NULL,NULL,NULL,6,'2012-03-03 08:01:43','2012-02-27 12:54:05','127.0.0.1','127.0.0.1',NULL,NULL),
 (8,9,'amit','2012-02-23 12:35:41','2012-02-23 12:35:41','amit@faststream.com','$2a$10$V3UPO3kC96X.R6PD2GSSxepr7FBH0KpJsX6RGwMRwddhzVRUQ3/MW',NULL,NULL,NULL,1,'2012-02-23 12:35:41','2012-02-23 12:35:41','127.0.0.1','127.0.0.1',NULL,NULL),
 (10,11,'siva','2012-02-24 10:09:27','2012-02-25 06:55:10','sivasankar@faststream-tech.com','$2a$10$dEViCA7zEsvAq4miPUPOhu3NGu5sEp5RBhXXG9t.yjqHilq4qr20G',NULL,NULL,NULL,5,'2012-02-25 06:55:10','2012-02-24 10:54:22','127.0.0.1','127.0.0.1',NULL,NULL),
 (11,12,'amit patel','2012-02-25 07:31:42','2012-03-06 12:42:52','amit@faststream-tech.com','$2a$10$GLDDsXTo77pgOXvnGQb4ue3Vi8sVhFYteJSgd.FPIDfxWQPp5jFy2',NULL,NULL,NULL,15,'2012-03-06 12:42:52','2012-02-29 15:54:49','127.0.0.1','127.0.0.1',NULL,NULL);
UNLOCK TABLES;
/*!40000 ALTER TABLE `users` ENABLE KEYS */;




/*!40101 SET SQL_MODE=@OLD_SQL_MODE */;
/*!40014 SET FOREIGN_KEY_CHECKS=@OLD_FOREIGN_KEY_CHECKS */;
/*!40014 SET UNIQUE_CHECKS=@OLD_UNIQUE_CHECKS */;
/*!40101 SET CHARACTER_SET_CLIENT=@OLD_CHARACTER_SET_CLIENT */;
/*!40101 SET CHARACTER_SET_RESULTS=@OLD_CHARACTER_SET_RESULTS */;
/*!40101 SET COLLATION_CONNECTION=@OLD_COLLATION_CONNECTION */;
/*!40101 SET CHARACTER_SET_CLIENT=@OLD_CHARACTER_SET_CLIENT */;
